tradition,prs_id,label,first_seen_date,date_added,commit,present,file_relpath
arkanihamed,PRS-01,"P1 (Text, referenced in Hoffman section) — Spacetime as non-fundamental",2026-04-07,2026-04-05,134bdc53,1,wiki/traditions/arkanihamed/prs_triplets.md
arkanihamed,PRS-02,P2 (Implicit from RC Pilot context) — Geometry as prior to physics,2026-04-07,2026-04-05,134bdc53,1,wiki/traditions/arkanihamed/prs_triplets.md
arkanihamed,PRS-03,P3 (Speculative — from Hoffman connection) — Consciousness and the derivation of spacetime,2026-04-07,2026-04-05,134bdc53,1,wiki/traditions/arkanihamed/prs_triplets.md
arkanihamed,PRS-04,P4 (Implicit) — Beauty as a guide in fundamental physics,2026-04-07,2026-04-05,134bdc53,1,wiki/traditions/arkanihamed/prs_triplets.md
arkanihamed,PRS-05,P5 (PROP-2026-04-08-001) — Positive geometry as universal language of fundamental physics,2026-04-16,2026-04-08,446a5672,1,wiki/traditions/arkanihamed/prs_triplets.md
arkanihamed,PRS-06,P6 (PROP-2026-04-08-001) — Quantum mechanics as combinatorial-geometric structure,2026-04-16,2026-04-08,446a5672,1,wiki/traditions/arkanihamed/prs_triplets.md
arkanihamed,PRS-07,P7 (PROP-2026-04-08-007) — Combinatorial structure of the cosmological wavefunction,2026-04-16,2026-04-16,446a5672,1,wiki/traditions/arkanihamed/prs_triplets.md
arkanihamed,PRS-08,P8 (PROP-2026-04-13-012) — Hidden structure and particle unification,2026-04-16,2026-04-16,446a5672,1,wiki/traditions/arkanihamed/prs_triplets.md
arkanihamed,PRS-09,P9 (PROP-2026-04-13-011) — Time emergence from boundary data,2026-04-16,2026-04-16,446a5672,1,wiki/traditions/arkanihamed/prs_triplets.md
arkanihamed,PRS-10,P10 (PROP-2026-04-27-006) — Prague Spring Amplitudes 2 Workshop — Nima Arkani-Hamed featured speaker (May 11,2026-05-11,2026-04-28,a0f86118,1,wiki/traditions/arkanihamed/prs_triplets.md
arkanihamed,PRS-11,,2026-06-07,2026-06-07,49059ee2,1,wiki/traditions/arkanihamed/prs_triplets.md
arkanihamed,PRS-12,,2026-06-07,2026-06-07,49059ee2,1,wiki/traditions/arkanihamed/prs_triplets.md
arkanihamed,PRS-13,,2026-06-30,,3d77f63e,1,wiki/traditions/arkanihamed/prs_triplets.md
arkanihamed,PRS-14,,2026-06-30,,3d77f63e,1,wiki/traditions/arkanihamed/prs_triplets.md
arkanihamed,PRS-15,,2026-06-30,2026-02-12,3d77f63e,1,wiki/traditions/arkanihamed/prs_triplets.md
arkanihamed,PRS-16,,2026-06-30,2026-02-12,3d77f63e,1,wiki/traditions/arkanihamed/prs_triplets.md
arkanihamed,PRS-17,,2026-06-30,2026-02-12,3d77f63e,1,wiki/traditions/arkanihamed/prs_triplets.md
arkanihamed,PRS-18,,2026-06-30,2026-02-19,3d77f63e,1,wiki/traditions/arkanihamed/prs_triplets.md
arkanihamed,PRS-19,,2026-06-30,2026-02-19,3d77f63e,1,wiki/traditions/arkanihamed/prs_triplets.md
arkanihamed,PRS-20,,2026-07-01,2026-07-01,d5473b59,1,wiki/traditions/arkanihamed/prs_triplets.md
arkanihamed,PRS-21,,2026-08-08,2026-08-08,f2eacfd3,1,wiki/traditions/arkanihamed/prs_triplets.md
arkanihamed,PRS-22,,2026-08-08,2026-08-08,f2eacfd3,1,wiki/traditions/arkanihamed/prs_triplets.md
arkanihamed,PRS-23,,2026-08-08,2026-08-08,f2eacfd3,1,wiki/traditions/arkanihamed/prs_triplets.md
arkanihamed,PRS-24,,2026-08-08,2026-08-08,f2eacfd3,1,wiki/traditions/arkanihamed/prs_triplets.md
carroll,PRS-01,"P1 (Text, pp.41–53) — Ontological closure vs. emergence",2026-04-07,2026-04-03,134bdc53,1,wiki/traditions/carroll/prs_triplets.md
carroll,PRS-02,"P2 (Text, pp.44–47) — Quantum interpretation",2026-04-07,2026-04-03,134bdc53,1,wiki/traditions/carroll/prs_triplets.md
carroll,PRS-03,"P3 (Text, pp.47–53) — Rival theory evaluation",2026-04-07,2026-04-03,134bdc53,1,wiki/traditions/carroll/prs_triplets.md
carroll,PRS-04,P4 (Implicit) — Agency without dualism,2026-04-07,2026-04-03,134bdc53,1,wiki/traditions/carroll/prs_triplets.md
carroll,PRS-05,P5 (Implicit) — Science–religion dialogue,2026-04-07,2026-04-03,134bdc53,1,wiki/traditions/carroll/prs_triplets.md
carroll,PRS-06,"P6 (Implicit, via document contrast) — Physicalism's explanatory limit",2026-04-07,2026-04-03,134bdc53,1,wiki/traditions/carroll/prs_triplets.md
carroll,PRS-07,P7 (PROP-2026-04-07-004) — Observer-centric quantum gravity,2026-04-07,2026-04-07,134bdc53,1,wiki/traditions/carroll/prs_triplets.md
carroll,PRS-08,P8 (PROP-2026-04-08-004) — Intelligence as multidimensional across species,2026-04-16,2026-04-16,446a5672,1,wiki/traditions/carroll/prs_triplets.md
carroll,PRS-09,P9 (PROP-2026-04-08-005) — Biological agency as naturalist research program,2026-04-16,2026-04-16,446a5672,1,wiki/traditions/carroll/prs_triplets.md
carroll,PRS-10,P10 (PROP-2026-04-09-003) — Observer problem in Many-Worlds interpretation,2026-04-16,2026-04-16,446a5672,1,wiki/traditions/carroll/prs_triplets.md
carroll,PRS-11,P11 (PROP-2026-04-13-010) — Emergence classification and ontological taxonomy,2026-04-16,2026-04-16,446a5672,1,wiki/traditions/carroll/prs_triplets.md
carroll,PRS-12,P12 (PROP-2026-04-16-002) — Mindscape 350: J. Eric Oliver on The Self and How to Know It,2026-05-11,2026-04-28,a0f86118,1,wiki/traditions/carroll/prs_triplets.md
carroll,PRS-13,"P13 (PROP-2026-04-17-001) — Mindscape AMA | April 2026 — Wheeler-DeWitt, Timeless Universe, and Boltzmann Br",2026-05-11,2026-04-28,a0f86118,1,wiki/traditions/carroll/prs_triplets.md
carroll,PRS-14,P14 (PROP-2026-04-27-005) — Heilborn Lecture Series 2026 — Sean Carroll (3 lectures): Explaining the Arrow o,2026-05-11,2026-04-28,a0f86118,1,wiki/traditions/carroll/prs_triplets.md
carroll,PRS-15,"P15 (PROP-2026-04-27-005, 2nd candidate) — Heilborn Lecture Series 2026 — Sean Carroll (3 lectures): Explaining the Arrow o",2026-05-11,2026-04-28,a0f86118,1,wiki/traditions/carroll/prs_triplets.md
carroll,PRS-16,,2026-06-07,2026-06-07,49059ee2,1,wiki/traditions/carroll/prs_triplets.md
carroll,PRS-17,,2026-06-07,2026-06-07,49059ee2,1,wiki/traditions/carroll/prs_triplets.md
carroll,PRS-18,,2026-06-07,2026-06-07,49059ee2,1,wiki/traditions/carroll/prs_triplets.md
carroll,PRS-19,,2026-06-07,2026-06-07,49059ee2,1,wiki/traditions/carroll/prs_triplets.md
carroll,PRS-20,,2026-06-07,2026-06-07,49059ee2,1,wiki/traditions/carroll/prs_triplets.md
carroll,PRS-21,,2026-06-07,2026-06-07,49059ee2,1,wiki/traditions/carroll/prs_triplets.md
carroll,PRS-22,,2026-06-17,2026-06-17,5b2965b2,1,wiki/traditions/carroll/prs_triplets.md
carroll,PRS-23,,2026-06-17,2026-06-17,5b2965b2,1,wiki/traditions/carroll/prs_triplets.md
carroll,PRS-24,,2026-06-17,2026-06-17,5b2965b2,1,wiki/traditions/carroll/prs_triplets.md
carroll,PRS-25,,2026-06-17,2026-06-17,5b2965b2,1,wiki/traditions/carroll/prs_triplets.md
carroll,PRS-26,,2026-06-17,2026-06-17,5b2965b2,1,wiki/traditions/carroll/prs_triplets.md
carroll,PRS-27,,2026-06-30,2026-03-16,3d77f63e,1,wiki/traditions/carroll/prs_triplets.md
carroll,PRS-28,,2026-06-30,2026-04-20,3d77f63e,1,wiki/traditions/carroll/prs_triplets.md
carroll,PRS-29,,2026-06-30,2026-04-20,3d77f63e,1,wiki/traditions/carroll/prs_triplets.md
carroll,PRS-30,,2026-06-30,2026-04-20,3d77f63e,1,wiki/traditions/carroll/prs_triplets.md
carroll,PRS-31,,2026-06-30,2026-04-20,3d77f63e,1,wiki/traditions/carroll/prs_triplets.md
carroll,PRS-32,,2026-06-30,2026-04-20,3d77f63e,1,wiki/traditions/carroll/prs_triplets.md
carroll,PRS-33,,2026-06-30,2026-04-20,3d77f63e,1,wiki/traditions/carroll/prs_triplets.md
carroll,PRS-34,,2026-06-30,2026-04-27,3d77f63e,1,wiki/traditions/carroll/prs_triplets.md
carroll,PRS-35,,2026-06-30,2026-04-27,3d77f63e,1,wiki/traditions/carroll/prs_triplets.md
carroll,PRS-36,,2026-06-30,2026-05-04,3d77f63e,1,wiki/traditions/carroll/prs_triplets.md
carroll,PRS-37,,2026-06-30,2026-05-11,3d77f63e,1,wiki/traditions/carroll/prs_triplets.md
carroll,PRS-38,,2026-06-30,2026-05-11,3d77f63e,1,wiki/traditions/carroll/prs_triplets.md
carroll,PRS-39,,2026-06-30,2026-05-11,3d77f63e,1,wiki/traditions/carroll/prs_triplets.md
carroll,PRS-40,,2026-06-30,2026-05-18,3d77f63e,1,wiki/traditions/carroll/prs_triplets.md
carroll,PRS-41,,2026-06-30,2026-05-18,3d77f63e,1,wiki/traditions/carroll/prs_triplets.md
carroll,PRS-42,,2026-06-30,2026-05-18,3d77f63e,1,wiki/traditions/carroll/prs_triplets.md
carroll,PRS-43,,2026-06-30,2026-05-28,3d77f63e,1,wiki/traditions/carroll/prs_triplets.md
carroll,PRS-44,,2026-06-30,2026-05-28,3d77f63e,1,wiki/traditions/carroll/prs_triplets.md
carroll,PRS-45,,2026-07-01,2026-07-01,d5473b59,1,wiki/traditions/carroll/prs_triplets.md
carroll,PRS-46,,2026-07-01,2026-07-01,d5473b59,1,wiki/traditions/carroll/prs_triplets.md
carroll,PRS-47,,2026-07-21,2026-07-21,791ea3a0,1,wiki/traditions/carroll/prs_triplets.md
carroll,PRS-48,,2026-07-21,2026-07-21,791ea3a0,1,wiki/traditions/carroll/prs_triplets.md
carroll,PRS-49,,2026-07-21,2026-07-21,791ea3a0,1,wiki/traditions/carroll/prs_triplets.md
carroll,PRS-50,,2026-07-21,2026-07-21,791ea3a0,1,wiki/traditions/carroll/prs_triplets.md
carroll,PRS-51,,2026-07-21,2026-07-21,791ea3a0,1,wiki/traditions/carroll/prs_triplets.md
carroll,PRS-52,,2026-07-21,2026-07-21,791ea3a0,1,wiki/traditions/carroll/prs_triplets.md
carroll,PRS-53,,2026-07-21,2026-07-21,791ea3a0,1,wiki/traditions/carroll/prs_triplets.md
carroll,PRS-54,,2026-07-21,2026-07-21,791ea3a0,1,wiki/traditions/carroll/prs_triplets.md
carroll,PRS-55,,2026-08-08,2026-08-08,f2eacfd3,1,wiki/traditions/carroll/prs_triplets.md
carroll,PRS-56,,2026-08-08,2026-08-08,f2eacfd3,1,wiki/traditions/carroll/prs_triplets.md
carroll,PRS-57,,2026-08-08,2026-08-08,f2eacfd3,1,wiki/traditions/carroll/prs_triplets.md
carroll,PRS-58,,2026-08-08,2026-08-08,f2eacfd3,1,wiki/traditions/carroll/prs_triplets.md
carroll,PRS-59,,2026-08-08,2026-08-08,f2eacfd3,1,wiki/traditions/carroll/prs_triplets.md
fredrickson,PRS-01,"P1 (Text, pp.88–96) — Isolation and disconnection",2026-04-07,2026-04-03,134bdc53,1,wiki/traditions/fredrickson/prs_triplets.md
fredrickson,PRS-02,"P2 (Text, p.298) — Love reduced to sentiment",2026-04-07,2026-04-03,134bdc53,1,wiki/traditions/fredrickson/prs_triplets.md
fredrickson,PRS-03,"P3 (Text, pp.89–92) — Scale-bridging in agent coupling",2026-04-07,2026-04-03,134bdc53,1,wiki/traditions/fredrickson/prs_triplets.md
fredrickson,PRS-04,P4 (Implicit) — Relational coherence of conscious realism,2026-04-07,2026-04-03,134bdc53,1,wiki/traditions/fredrickson/prs_triplets.md
fredrickson,PRS-05,P5 (Implicit) — Embodiment of abstract ontology,2026-04-07,2026-04-03,134bdc53,1,wiki/traditions/fredrickson/prs_triplets.md
fredrickson,PRS-06,P6 (Implicit) — Democratizing participation in reality,2026-04-07,2026-04-03,134bdc53,1,wiki/traditions/fredrickson/prs_triplets.md
fredrickson,PRS-07,P7 (PROP-2026-04-08-008) — Multi-level conducive conditions,2026-04-16,2026-04-08,446a5672,1,wiki/traditions/fredrickson/prs_triplets.md
fredrickson,PRS-08,P8 (PROP-2026-04-08-008) — High-quality listening as resonance enabler,2026-04-16,2026-04-08,446a5672,1,wiki/traditions/fredrickson/prs_triplets.md
fredrickson,PRS-09,P9 (PROP-2026-04-08-007) — Weak-tie intellectual humility,2026-04-16,2026-04-08,446a5672,1,wiki/traditions/fredrickson/prs_triplets.md
fredrickson,PRS-10,P10 (PROP-2026-04-08-007) — Weak-tie community as loneliness solution,2026-04-16,2026-04-08,446a5672,1,wiki/traditions/fredrickson/prs_triplets.md
fredrickson,PRS-11,P11 (PROP-2026-04-13-009) — Inflammation and resonance selectivity,2026-04-16,2026-04-13,446a5672,1,wiki/traditions/fredrickson/prs_triplets.md
fredrickson,PRS-12,P12 (PROP-2026-04-13-008) — Community trust and structural inequality,2026-04-16,2026-04-13,446a5672,1,wiki/traditions/fredrickson/prs_triplets.md
fredrickson,PRS-13,P13 (PROP-2026-04-13-008) — Why inequality harms weak-tie connection,2026-04-16,2026-04-13,446a5672,1,wiki/traditions/fredrickson/prs_triplets.md
fredrickson,PRS-14,P14 (PROP-2026-04-16-004) — Conducive Conditions for Positivity Resonance at Multiple Levels of Analysis,2026-05-11,2026-04-28,a0f86118,1,wiki/traditions/fredrickson/prs_triplets.md
fredrickson,PRS-15,P15 (PROP-2026-04-16-005) — Why Loving Moments With Strangers Carry Lasting Benefits,2026-05-11,2026-04-28,a0f86118,1,wiki/traditions/fredrickson/prs_triplets.md
fredrickson,PRS-16,P16 (PROP-2026-04-27-002) — Improving social connection with weak ties and strangers: effects of a new micro,2026-05-11,2026-04-28,a0f86118,1,wiki/traditions/fredrickson/prs_triplets.md
fredrickson,PRS-17,,2026-06-07,2026-06-07,49059ee2,1,wiki/traditions/fredrickson/prs_triplets.md
fredrickson,PRS-18,,2026-06-07,2026-06-07,49059ee2,1,wiki/traditions/fredrickson/prs_triplets.md
fredrickson,PRS-19,,2026-06-07,2026-06-07,49059ee2,1,wiki/traditions/fredrickson/prs_triplets.md
fredrickson,PRS-20,,2026-06-07,2026-06-07,49059ee2,1,wiki/traditions/fredrickson/prs_triplets.md
fredrickson,PRS-21,,2026-06-30,2025-01-01,3d77f63e,1,wiki/traditions/fredrickson/prs_triplets.md
fredrickson,PRS-22,,2026-06-30,2025-01-01,3d77f63e,1,wiki/traditions/fredrickson/prs_triplets.md
fredrickson,PRS-23,,2026-06-30,2025-01-01,3d77f63e,1,wiki/traditions/fredrickson/prs_triplets.md
fredrickson,PRS-24,,2026-06-30,2025-01-01,3d77f63e,1,wiki/traditions/fredrickson/prs_triplets.md
fredrickson,PRS-25,,2026-06-30,2025-07-01,3d77f63e,1,wiki/traditions/fredrickson/prs_triplets.md
fredrickson,PRS-26,,2026-06-30,2025-07-01,3d77f63e,1,wiki/traditions/fredrickson/prs_triplets.md
fredrickson,PRS-27,,2026-06-30,2025-09-17,3d77f63e,1,wiki/traditions/fredrickson/prs_triplets.md
fredrickson,PRS-28,,2026-06-30,2025-09-17,3d77f63e,1,wiki/traditions/fredrickson/prs_triplets.md
fredrickson,PRS-29,,2026-06-30,2025-09-25,3d77f63e,1,wiki/traditions/fredrickson/prs_triplets.md
fredrickson,PRS-30,,2026-06-30,2025-09-25,3d77f63e,1,wiki/traditions/fredrickson/prs_triplets.md
fredrickson,PRS-31,,2026-06-30,,3d77f63e,1,wiki/traditions/fredrickson/prs_triplets.md
fredrickson,PRS-32,,2026-06-30,,3d77f63e,1,wiki/traditions/fredrickson/prs_triplets.md
friston,PRS-01,"P1 (Text, pp.65–67) — Biological agency without vitalism",2026-04-07,2026-04-03,134bdc53,1,wiki/traditions/friston/prs_triplets.md
friston,PRS-02,"P2 (Text, p.66) — Neural causal architecture",2026-04-07,2026-04-03,134bdc53,1,wiki/traditions/friston/prs_triplets.md
friston,PRS-03,"P3 (Text, pp.72–74) — Morphogenesis as free energy minimization",2026-04-07,2026-04-03,134bdc53,1,wiki/traditions/friston/prs_triplets.md
friston,PRS-04,P4 (Implicit) — Organism as active modeler,2026-04-07,2026-04-03,134bdc53,1,wiki/traditions/friston/prs_triplets.md
friston,PRS-05,P5 (Implicit) — Distributed cognition across scales,2026-04-07,2026-04-03,134bdc53,1,wiki/traditions/friston/prs_triplets.md
friston,PRS-06,P6 (Implicit) — Multi-agent coherence via mutual modeling,2026-04-07,2026-04-03,134bdc53,1,wiki/traditions/friston/prs_triplets.md
friston,PRS-07,P7 (PROP-2026-04-07-001) — FEP substrate-independence formally established,2026-04-07,2026-04-07,134bdc53,1,wiki/traditions/friston/prs_triplets.md
friston,PRS-08,P8 (PROP-2026-04-07-001) — Morphogenetic active inference bridge,2026-04-07,2026-04-07,134bdc53,1,wiki/traditions/friston/prs_triplets.md
friston,PRS-09,P9 (PROP-2026-04-08-007) — Minimal theory of consciousness implicit in active inference,2026-04-16,2026-04-16,446a5672,1,wiki/traditions/friston/prs_triplets.md
friston,PRS-10,P10 (PROP-2026-04-13-004) — Active inference as framework for artificial reasoning,2026-04-16,2026-04-16,446a5672,1,wiki/traditions/friston/prs_triplets.md
friston,PRS-11,P11 (PROP-2026-04-13-006) — Differential flatness parameterization for scalable active inference control,2026-04-16,2026-04-16,446a5672,1,wiki/traditions/friston/prs_triplets.md
friston,PRS-12,P12 (PROP-2026-04-13-005) — Predictive coding as viable neuro-mimetic AI paradigm,2026-04-16,2026-04-16,446a5672,1,wiki/traditions/friston/prs_triplets.md
friston,PRS-13,"P13 (PROP-2026-04-27-009) — The Body Does Not Keep the Score: Trauma, Predictive Coding, and the Restoration",2026-05-11,2026-04-28,a0f86118,1,wiki/traditions/friston/prs_triplets.md
friston,PRS-14,"P14 (PROP-2026-04-27-010) — Karl Friston Legacy Interview (with Mark Solms and Jeremy Holmes, hosted by Jane",2026-05-11,2026-04-28,a0f86118,1,wiki/traditions/friston/prs_triplets.md
friston,PRS-15,P15 (PROP-2026-05-11-004) — Active inference as formal validation of Boyd's full OODA loop,2026-05-22,2026-05-13,fc797397,1,wiki/traditions/friston/prs_triplets.md
friston,PRS-16,"P16 (PROP-2026-05-11-004, 2nd candidate) — Expected free energy as unified mathematics of risk + ambiguity",2026-05-22,2026-05-13,fc797397,1,wiki/traditions/friston/prs_triplets.md
friston,PRS-17,,2026-06-07,2026-06-07,49059ee2,1,wiki/traditions/friston/prs_triplets.md
friston,PRS-18,,2026-06-07,2026-06-07,49059ee2,1,wiki/traditions/friston/prs_triplets.md
friston,PRS-19,,2026-06-07,2026-06-07,49059ee2,1,wiki/traditions/friston/prs_triplets.md
friston,PRS-20,,2026-06-07,2026-06-07,49059ee2,1,wiki/traditions/friston/prs_triplets.md
friston,PRS-21,,2026-06-17,2026-06-17,5b2965b2,1,wiki/traditions/friston/prs_triplets.md
friston,PRS-22,,2026-06-30,2025-02-12,3d77f63e,1,wiki/traditions/friston/prs_triplets.md
friston,PRS-23,,2026-06-30,2025-02-12,3d77f63e,1,wiki/traditions/friston/prs_triplets.md
friston,PRS-24,,2026-06-30,2026-04-25,3d77f63e,1,wiki/traditions/friston/prs_triplets.md
friston,PRS-25,,2026-06-30,2026-04-25,3d77f63e,1,wiki/traditions/friston/prs_triplets.md
friston,PRS-26,,2026-06-30,,3d77f63e,1,wiki/traditions/friston/prs_triplets.md
friston,PRS-27,,2026-06-30,,3d77f63e,1,wiki/traditions/friston/prs_triplets.md
friston,PRS-28,,2026-06-30,2026-05-28,3d77f63e,1,wiki/traditions/friston/prs_triplets.md
friston,PRS-29,,2026-06-30,2026-05-28,3d77f63e,1,wiki/traditions/friston/prs_triplets.md
friston,PRS-30,,2026-07-01,2026-07-01,d5473b59,1,wiki/traditions/friston/prs_triplets.md
friston,PRS-31,,2026-07-21,2026-07-21,791ea3a0,1,wiki/traditions/friston/prs_triplets.md
friston,PRS-32,,2026-07-21,2026-07-21,791ea3a0,1,wiki/traditions/friston/prs_triplets.md
friston,PRS-33,,2026-07-21,2026-07-21,791ea3a0,1,wiki/traditions/friston/prs_triplets.md
friston,PRS-34,,2026-07-21,2026-07-21,791ea3a0,1,wiki/traditions/friston/prs_triplets.md
friston,PRS-35,,2026-07-21,2026-07-21,791ea3a0,1,wiki/traditions/friston/prs_triplets.md
friston,PRS-36,,2026-07-21,2026-07-21,791ea3a0,1,wiki/traditions/friston/prs_triplets.md
hawkins,PRS-01,"P1 (Text, pp.278–285) — Intelligence without true understanding",2026-04-07,2026-04-03,134bdc53,1,wiki/traditions/hawkins/prs_triplets.md
hawkins,PRS-02,"P2 (Text, p.294) — Distributed vs. centralised intelligence",2026-04-07,2026-04-03,134bdc53,1,wiki/traditions/hawkins/prs_triplets.md
hawkins,PRS-03,"P3 (Text, p.29) — Knowledge-preserving AGI",2026-04-07,2026-04-03,134bdc53,1,wiki/traditions/hawkins/prs_triplets.md
hawkins,PRS-04,P4 (Implicit) — Reference frames as universal cognitive tool,2026-04-07,2026-04-03,134bdc53,1,wiki/traditions/hawkins/prs_triplets.md
hawkins,PRS-05,P5 (Implicit) — Temporal depth of intelligence,2026-04-07,2026-04-03,134bdc53,1,wiki/traditions/hawkins/prs_triplets.md
hawkins,PRS-06,P6 (PROP-2026-04-08-006) — Hierarchical vs. heterarchical neocortex,2026-04-16,2026-04-08,446a5672,1,wiki/traditions/hawkins/prs_triplets.md
hawkins,PRS-07,P7 (PROP-2026-04-08-006) — AI architectural heterarchy,2026-04-16,2026-04-08,446a5672,1,wiki/traditions/hawkins/prs_triplets.md
hawkins,PRS-08,P8 (PROP-2026-04-08-005) — Sensorimotor learning and data efficiency,2026-04-16,2026-04-08,446a5672,1,wiki/traditions/hawkins/prs_triplets.md
hawkins,PRS-09,P9 (PROP-2026-04-08-005) — HTM implementation in silicon,2026-04-16,2026-04-08,446a5672,1,wiki/traditions/hawkins/prs_triplets.md
hawkins,PRS-10,P10 (PROP-2026-04-09-SUPP-001) — C2A2 as a thousand-brains system,2026-04-16,2026-04-09,446a5672,1,wiki/traditions/hawkins/prs_triplets.md
hawkins,PRS-11,P11 (PROP-2026-04-09-SUPP-001) — PRS triplets as reference frames,2026-04-16,2026-04-09,446a5672,1,wiki/traditions/hawkins/prs_triplets.md
hawkins,PRS-12,P12 (PROP-2026-04-09-SUPP-001) — Reference frames and Hoffman's interfaces,2026-04-16,2026-04-09,446a5672,1,wiki/traditions/hawkins/prs_triplets.md
hawkins,PRS-13,P13 (PROP-2026-04-09-SUPP-001) — Sensorimotor learning in C2A2,2026-04-16,2026-04-09,446a5672,1,wiki/traditions/hawkins/prs_triplets.md
hawkins,PRS-14,P14 (PROP-2026-04-09-SUPP-001) — Broaden-and-build as reference frame multiplicity,2026-04-16,2026-04-09,446a5672,1,wiki/traditions/hawkins/prs_triplets.md
hawkins,PRS-15,P15 (PROP-2026-04-09-SUPP-001) — Cortical columns as Kastrup's alters,2026-04-16,2026-04-09,446a5672,1,wiki/traditions/hawkins/prs_triplets.md
hawkins,PRS-16,P16 (PROP-2026-04-14-001) — Thousand-brains computational efficiency,2026-04-16,2026-04-14,446a5672,1,wiki/traditions/hawkins/prs_triplets.md
hawkins,PRS-17,P17 (PROP-2026-04-14-001) — Embodied learning validates HTM,2026-04-16,2026-04-14,446a5672,1,wiki/traditions/hawkins/prs_triplets.md
hawkins,PRS-18,P18 (PROP-2026-04-27-011) — AI Isn't Intelligent — Here's What's Missing | Jeff Hawkins (Ep. 14),2026-05-11,2026-04-28,a0f86118,1,wiki/traditions/hawkins/prs_triplets.md
hoffman,PRS-01,"P1 (Text, p.452) — Hard problem transformation",2026-04-07,2026-04-03,134bdc53,1,wiki/traditions/hoffman/prs_triplets.md
hoffman,PRS-02,"P2 (Text, pp.272, 452) — Physics–consciousness unification",2026-04-07,2026-04-03,134bdc53,1,wiki/traditions/hoffman/prs_triplets.md
hoffman,PRS-03,"P3 (Text, pp.55–57) — Perception fitness-tracking",2026-04-07,2026-04-03,134bdc53,1,wiki/traditions/hoffman/prs_triplets.md
hoffman,PRS-04,P4 (Implicit) — Observer-dependent spacetime,2026-04-07,2026-04-03,134bdc53,1,wiki/traditions/hoffman/prs_triplets.md
hoffman,PRS-05,P5 (Implicit) — AI consciousness,2026-04-07,2026-04-03,134bdc53,1,wiki/traditions/hoffman/prs_triplets.md
hoffman,PRS-06,P6 (Implicit) — Moral status of non-human agents,2026-04-07,2026-04-03,134bdc53,1,wiki/traditions/hoffman/prs_triplets.md
hoffman,PRS-07,"P7 (Inbox — Hoffman/Prakash Trace Logic Talk, Thoughtforms Life) — Trace logic as multiscale logic of minimal surprise",2026-04-16,2026-04-14,446a5672,1,wiki/traditions/hoffman/prs_triplets.md
hoffman,PRS-08,P8 (Inbox — Hoffman/Prakash Trace Logic Talk) — Recursive agency as policy on the trace logic itself,2026-04-16,2026-04-14,446a5672,1,wiki/traditions/hoffman/prs_triplets.md
hoffman,PRS-09,P9 (Inbox — Hoffman/Prakash Trace Logic Talk) — λ₂ intelligence metric and community structure,2026-04-16,2026-04-14,446a5672,1,wiki/traditions/hoffman/prs_triplets.md
hoffman,PRS-10,P10 (Inbox — Hoffman/Prakash Trace Logic Talk) — Trace blankets subsume Markov blankets; FEP as special case of trace logic,2026-04-16,2026-04-14,446a5672,1,wiki/traditions/hoffman/prs_triplets.md
hoffman,PRS-11,P11 (PROP-2026-04-08-007) — Quantum Interface Theory: quantum mechanics as interface phenomena,2026-04-16,2026-04-16,446a5672,1,wiki/traditions/hoffman/prs_triplets.md
hoffman,PRS-12,P12 (PROP-2026-04-08-007) — Quantum conscious agents formalism bridges algebra and physics,2026-04-16,2026-04-16,446a5672,1,wiki/traditions/hoffman/prs_triplets.md
hoffman,PRS-13,P13 (PROP-2026-04-14-002) — Spacetime bounds on unified consciousness,2026-04-16,2026-04-16,446a5672,1,wiki/traditions/hoffman/prs_triplets.md
hoffman,PRS-14,P14 (PROP-2026-04-21-001) — What Are Traces of Consciousness? A New Breakthrough Unifying Mind and Reality,2026-05-11,2026-04-28,a0f86118,1,wiki/traditions/hoffman/prs_triplets.md
hoffman,PRS-15,P15 (PROP-2026-04-27-002) — HOMeHOPe Virtual Symposium 2026 — Donald Hoffman keynote on Consciousness Theori,2026-05-11,2026-04-28,a0f86118,1,wiki/traditions/hoffman/prs_triplets.md
hoffman,PRS-16,"P16 (PROP-2026-04-28-001) — Stevens' Handbook of Experimental Psychology, ITP chapter (FBT + IOS, theorem-grade)",2026-05-11,2026-05-05,a0f86118,1,wiki/traditions/hoffman/prs_triplets.md
hoffman,PRS-17,P17 (PROP-2026-04-28-001) — ITP-internal redefinition of illusion and hallucination,2026-05-11,2026-05-05,a0f86118,1,wiki/traditions/hoffman/prs_triplets.md
hoffman,PRS-18,"P18 (PROP-2026-04-28-001) — IOS Theorem as perceptual-science-internal route to ""spacetime is doomed""",2026-05-11,2026-05-05,a0f86118,1,wiki/traditions/hoffman/prs_triplets.md
hoffman,PRS-19,,2026-06-30,,3d77f63e,1,wiki/traditions/hoffman/prs_triplets.md
hoffman,PRS-20,,2026-06-30,,3d77f63e,1,wiki/traditions/hoffman/prs_triplets.md
hoffman,PRS-21,,2026-06-30,,3d77f63e,1,wiki/traditions/hoffman/prs_triplets.md
hoffman,PRS-22,,2026-06-30,,3d77f63e,1,wiki/traditions/hoffman/prs_triplets.md
hoffman,PRS-23,,2026-06-30,2026-04-04,3d77f63e,1,wiki/traditions/hoffman/prs_triplets.md
hoffman,PRS-24,,2026-06-30,2026-04-04,3d77f63e,1,wiki/traditions/hoffman/prs_triplets.md
hoffman,PRS-25,,2026-06-30,,3d77f63e,1,wiki/traditions/hoffman/prs_triplets.md
hoffman,PRS-26,,2026-06-30,,3d77f63e,1,wiki/traditions/hoffman/prs_triplets.md
hoffman,PRS-27,,2026-07-21,2026-07-21,791ea3a0,1,wiki/traditions/hoffman/prs_triplets.md
kastrup,PRS-01,"P1 (Text, p.407) — Hard problem of consciousness",2026-04-07,2026-04-03,134bdc53,1,wiki/traditions/kastrup/prs_triplets.md
kastrup,PRS-02,"P2 (Text, pp.102–103) — Individual identity within monism",2026-04-07,2026-04-03,134bdc53,1,wiki/traditions/kastrup/prs_triplets.md
kastrup,PRS-03,"P3 (Text, p.110) — Quantum anomalies under physicalism",2026-04-07,2026-04-03,134bdc53,1,wiki/traditions/kastrup/prs_triplets.md
kastrup,PRS-04,P4 (Implicit) — Bridging philosophy and mathematics,2026-04-07,2026-04-03,134bdc53,1,wiki/traditions/kastrup/prs_triplets.md
kastrup,PRS-05,P5 (Implicit) — Empirical science seeking metaphysical foundation,2026-04-07,2026-04-03,134bdc53,1,wiki/traditions/kastrup/prs_triplets.md
kastrup,PRS-06,P6 (Implicit) — Materialism as dialectical counterpart,2026-04-07,2026-04-03,134bdc53,1,wiki/traditions/kastrup/prs_triplets.md
kastrup,PRS-07,P7 (PROP-2026-04-08-004) — Analytic Idealism applied to psychopathology,2026-04-16,2026-04-08,446a5672,1,wiki/traditions/kastrup/prs_triplets.md
kastrup,PRS-08,P8 (PROP-2026-04-08-007) — The Daimon as principle of individuation,2026-04-16,2026-04-16,446a5672,1,wiki/traditions/kastrup/prs_triplets.md
kastrup,PRS-09,P9 (PROP-2026-04-09-002) — Representation versus participatory encounter,2026-04-16,2026-04-16,446a5672,1,wiki/traditions/kastrup/prs_triplets.md
kastrup,PRS-10,P10 (PROP-2026-04-15-005) — Idealism as empirical consciousness science framework,2026-04-16,2026-04-16,446a5672,1,wiki/traditions/kastrup/prs_triplets.md
kastrup,PRS-11,P11 (PROP-2026-04-15-004) — Continuation of idealist time debate,2026-04-16,2026-04-16,446a5672,1,wiki/traditions/kastrup/prs_triplets.md
kastrup,PRS-12,P12 (PROP-2026-04-22-002) — Bernardo Kastrup on the state of the consciousness debate,2026-05-11,2026-04-28,a0f86118,1,wiki/traditions/kastrup/prs_triplets.md
kastrup,PRS-13,P13 (PROP-2026-04-27-013) — Explanation vs Computation — Q&A with Bernardo Kastrup,2026-05-11,2026-04-28,a0f86118,1,wiki/traditions/kastrup/prs_triplets.md
kastrup,PRS-14,P14 (PROP-2026-05-13-004) — Kastrup-Levin dialogue on dissociative-boundary individuation,2026-05-22,2026-05-16,fc797397,1,wiki/traditions/kastrup/prs_triplets.md
kastrup,PRS-15,P15 (PROP-2026-05-13-004) — Canonical Kastrup-Levin alignment-and-divergence reference,2026-05-22,2026-05-16,fc797397,1,wiki/traditions/kastrup/prs_triplets.md
kastrup,PRS-16,P16 (PROP-2026-05-13-004) — AI-membership question deferred to boundary-individuation criterion,2026-05-22,2026-05-16,fc797397,1,wiki/traditions/kastrup/prs_triplets.md
kastrup,PRS-17,,2026-06-07,2026-06-07,49059ee2,1,wiki/traditions/kastrup/prs_triplets.md
kastrup,PRS-18,,2026-06-07,2026-06-07,49059ee2,1,wiki/traditions/kastrup/prs_triplets.md
kastrup,PRS-19,,2026-06-07,2026-06-07,49059ee2,1,wiki/traditions/kastrup/prs_triplets.md
kastrup,PRS-20,,2026-06-07,2026-06-07,49059ee2,1,wiki/traditions/kastrup/prs_triplets.md
kastrup,PRS-21,,2026-06-07,2026-06-07,49059ee2,1,wiki/traditions/kastrup/prs_triplets.md
kastrup,PRS-22,,2026-06-07,2026-06-07,49059ee2,1,wiki/traditions/kastrup/prs_triplets.md
kastrup,PRS-23,,2026-06-17,2026-06-17,5b2965b2,1,wiki/traditions/kastrup/prs_triplets.md
kastrup,PRS-24,,2026-06-17,2026-06-17,5b2965b2,1,wiki/traditions/kastrup/prs_triplets.md
kastrup,PRS-25,,2026-06-17,2026-06-17,5b2965b2,1,wiki/traditions/kastrup/prs_triplets.md
kastrup,PRS-26,,2026-06-17,2026-06-17,5b2965b2,1,wiki/traditions/kastrup/prs_triplets.md
kastrup,PRS-27,,2026-06-30,2026-04-14,3d77f63e,1,wiki/traditions/kastrup/prs_triplets.md
kastrup,PRS-28,,2026-06-30,2026-04-14,3d77f63e,1,wiki/traditions/kastrup/prs_triplets.md
kastrup,PRS-29,,2026-06-30,2026-04-14,3d77f63e,1,wiki/traditions/kastrup/prs_triplets.md
kastrup,PRS-30,,2026-06-30,2026-04-29,3d77f63e,1,wiki/traditions/kastrup/prs_triplets.md
kastrup,PRS-31,,2026-06-30,2026-04-29,3d77f63e,1,wiki/traditions/kastrup/prs_triplets.md
kastrup,PRS-32,,2026-06-30,2026-04-29,3d77f63e,1,wiki/traditions/kastrup/prs_triplets.md
kastrup,PRS-33,,2026-06-30,2026-05-13,3d77f63e,1,wiki/traditions/kastrup/prs_triplets.md
kastrup,PRS-34,,2026-06-30,2026-05-13,3d77f63e,1,wiki/traditions/kastrup/prs_triplets.md
kastrup,PRS-35,,2026-07-01,2026-07-01,d5473b59,1,wiki/traditions/kastrup/prs_triplets.md
kastrup,PRS-36,,2026-07-01,2026-07-01,d5473b59,1,wiki/traditions/kastrup/prs_triplets.md
kastrup,PRS-37,,2026-07-01,2026-07-01,d5473b59,1,wiki/traditions/kastrup/prs_triplets.md
kastrup,PRS-38,,2026-07-01,2026-07-01,d5473b59,1,wiki/traditions/kastrup/prs_triplets.md
kastrup,PRS-39,,2026-07-01,2026-07-01,d5473b59,1,wiki/traditions/kastrup/prs_triplets.md
kastrup,PRS-40,,2026-07-01,2026-07-01,d5473b59,1,wiki/traditions/kastrup/prs_triplets.md
kastrup,PRS-41,,2026-07-21,2026-07-21,791ea3a0,1,wiki/traditions/kastrup/prs_triplets.md
kastrup,PRS-42,,2026-07-21,2026-07-21,791ea3a0,1,wiki/traditions/kastrup/prs_triplets.md
kastrup,PRS-43,,2026-07-21,2026-07-21,791ea3a0,1,wiki/traditions/kastrup/prs_triplets.md
kastrup,PRS-44,,2026-07-21,2026-07-21,791ea3a0,1,wiki/traditions/kastrup/prs_triplets.md
kastrup,PRS-45,,2026-07-21,2026-07-21,791ea3a0,1,wiki/traditions/kastrup/prs_triplets.md
levin,PRS-01,"P1 (Text, p.452) — Morphogenetic Control",2026-04-07,2026-04-03,134bdc53,1,wiki/traditions/levin/prs_triplets.md
levin,PRS-02,"P2 (Text, p.452) — Cancer as defection",2026-04-07,2026-04-03,134bdc53,1,wiki/traditions/levin/prs_triplets.md
levin,PRS-03,"P3 (Text, pp.62–64) — Morphological attractor formalism",2026-04-07,2026-04-03,134bdc53,1,wiki/traditions/levin/prs_triplets.md
levin,PRS-04,P4 (Implicit) — Cognition substrate,2026-04-07,2026-04-03,134bdc53,1,wiki/traditions/levin/prs_triplets.md
levin,PRS-05,P5 (Implicit) — AI alignment via biology,2026-04-07,2026-04-03,134bdc53,1,wiki/traditions/levin/prs_triplets.md
levin,PRS-06,P6 (Implicit) — Hard problem softened,2026-04-07,2026-04-03,134bdc53,1,wiki/traditions/levin/prs_triplets.md
levin,PRS-07,P7 (PROP-2026-04-07-002) — Bioelectric reprogramming as therapeutic paradigm,2026-04-07,2026-04-07,134bdc53,1,wiki/traditions/levin/prs_triplets.md
levin,PRS-08,P8 (PROP-2026-04-07-002) — Cells as cognitive agents in anatomical morphospace,2026-04-07,2026-04-07,134bdc53,1,wiki/traditions/levin/prs_triplets.md
levin,PRS-09,P9 (PROP-2026-04-08-003) — Principled framework for cognitive attribution across scales,2026-04-16,2026-04-08,446a5672,1,wiki/traditions/levin/prs_triplets.md
levin,PRS-10,P10 (PROP-2026-04-08-003) — Continuity of human and unicellular goal-directedness,2026-04-16,2026-04-08,446a5672,1,wiki/traditions/levin/prs_triplets.md
levin,PRS-11,P11 (PROP-2026-04-08-005) — Cancer as dissociative identity disorder of the body,2026-04-16,2026-04-16,446a5672,1,wiki/traditions/levin/prs_triplets.md
levin,PRS-12,P12 (PROP-2026-04-08-005) — Mind blindness as epistemic obstacle,2026-04-16,2026-04-16,446a5672,1,wiki/traditions/levin/prs_triplets.md
levin,PRS-13,P13 (PROP-2026-04-08-006) — Search efficiency as substrate-agnostic intelligence metric,2026-04-16,2026-04-16,446a5672,1,wiki/traditions/levin/prs_triplets.md
levin,PRS-14,P14 (PROP-2026-04-13-002) — Evolution with memory via diffusion-model evolutionary strategy,2026-04-16,2026-04-16,446a5672,1,wiki/traditions/levin/prs_triplets.md
levin,PRS-15,"P15 (PROP-2026-04-13-001, PROP-2026-04-13-003) — Neurobots and bioelectric-gene expression coupling",2026-04-16,2026-04-16,446a5672,1,wiki/traditions/levin/prs_triplets.md
levin,PRS-16,P16 (PROP-2026-04-16-001) — Symposium on the Platonic Space + A Short Argument on Platonic Space,2026-05-11,2026-04-28,a0f86118,1,wiki/traditions/levin/prs_triplets.md
levin,PRS-17,P17 (PROP-2026-04-20-001) — The Bioelectric Interface to the Collective Intelligence of Morphogenesis: devel,2026-05-11,2026-04-28,a0f86118,1,wiki/traditions/levin/prs_triplets.md
levin,PRS-18,"P18 (PROP-2026-04-20-001, 2nd candidate) — The Bioelectric Interface to the Collective Intelligence of Morphogenesis: devel",2026-05-11,2026-04-28,a0f86118,1,wiki/traditions/levin/prs_triplets.md
levin,PRS-19,"P19 (PROP-2026-04-20-004) — Bioelectrical Interfaces Beyond Excitable Cells: Cancer, Aging, and Gene Express",2026-05-11,2026-04-28,a0f86118,1,wiki/traditions/levin/prs_triplets.md
levin,PRS-20,P20 (PROP-2026-04-20-003) — BraiNCA: brain-inspired neural cellular automata and applications to morphogenes,2026-05-11,2026-04-28,a0f86118,1,wiki/traditions/levin/prs_triplets.md
levin,PRS-21,P21 (PROP-2026-04-20-002) — Who's the data? Implications of thoughts-are-thinkers continuum for developmenta,2026-05-11,2026-04-28,a0f86118,1,wiki/traditions/levin/prs_triplets.md
levin,PRS-22,P22 (PROP-2026-04-27-008) — Field-mediated bioelectric basis of morphogenetic prepatterning,2026-05-11,2026-04-28,a0f86118,1,wiki/traditions/levin/prs_triplets.md
levin,PRS-23,P23 (PROP-2026-04-28-001 / src PROP-2026-04-27-007) — Memory in synthetic Xenobots without evolutionary scaffolding,2026-05-11,2026-05-08,a0f86118,1,wiki/traditions/levin/prs_triplets.md
levin,PRS-24,"P24 (PROP-2026-04-28-001, 2nd candidate) — Triangulation methodology for memory in non-standard biological systems",2026-05-11,2026-05-08,a0f86118,1,wiki/traditions/levin/prs_triplets.md
levin,PRS-25,P25 (PROP-2026-05-11-001) — SUTI: Search for Unconventional Terrestrial Intelligence,2026-05-22,2026-05-13,fc797397,1,wiki/traditions/levin/prs_triplets.md
levin,PRS-26,P26 (PROP-2026-05-11-002) — Bioelectric signature of human cellular senescence,2026-05-22,2026-05-13,fc797397,1,wiki/traditions/levin/prs_triplets.md
levin,PRS-27,"P27 (PROP-2026-05-11-002, 2nd candidate) — Vmem as low-dimensional integrator of tissue order",2026-05-22,2026-05-13,fc797397,1,wiki/traditions/levin/prs_triplets.md
levin,PRS-28,P28 (PROP-2026-05-11-003) — Algorithmic intelligence in sorting routines (diverse-intelligence into the formal domain),2026-05-22,2026-05-13,fc797397,1,wiki/traditions/levin/prs_triplets.md
levin,PRS-29,"P29 (PROP-2026-05-11-003, 2nd candidate) — Memories and ideas as quasi-living cognitive agents",2026-05-22,2026-05-13,fc797397,1,wiki/traditions/levin/prs_triplets.md
levin,PRS-30,"P30 (PROP-2026-05-13-004, Levin-side parallel) — Scale-continuous nesting vs. discrete dissociative boundaries",2026-05-22,2026-05-17,fc797397,1,wiki/traditions/levin/prs_triplets.md
levin,PRS-31,"P31 (PROP-2026-05-13-004, Levin-side 2nd) — AI as candidate site of subjective perspective under nested-cognition view",2026-05-22,2026-05-17,fc797397,1,wiki/traditions/levin/prs_triplets.md
levin,PRS-32,,2026-06-07,2026-06-07,49059ee2,1,wiki/traditions/levin/prs_triplets.md
levin,PRS-33,,2026-06-07,2026-06-07,49059ee2,1,wiki/traditions/levin/prs_triplets.md
levin,PRS-34,,2026-06-17,2026-06-17,5b2965b2,1,wiki/traditions/levin/prs_triplets.md
levin,PRS-35,,2026-06-17,2026-06-17,5b2965b2,1,wiki/traditions/levin/prs_triplets.md
levin,PRS-36,,2026-06-30,2026-01-19,3d77f63e,1,wiki/traditions/levin/prs_triplets.md
levin,PRS-37,,2026-06-30,2026-01-19,3d77f63e,1,wiki/traditions/levin/prs_triplets.md
levin,PRS-38,,2026-06-30,2026-02-08,3d77f63e,1,wiki/traditions/levin/prs_triplets.md
levin,PRS-39,,2026-06-30,2026-02-08,3d77f63e,1,wiki/traditions/levin/prs_triplets.md
levin,PRS-40,,2026-06-30,,3d77f63e,1,wiki/traditions/levin/prs_triplets.md
levin,PRS-41,,2026-06-30,,3d77f63e,1,wiki/traditions/levin/prs_triplets.md
levin,PRS-42,,2026-06-30,,3d77f63e,1,wiki/traditions/levin/prs_triplets.md
levin,PRS-43,,2026-06-30,,3d77f63e,1,wiki/traditions/levin/prs_triplets.md
levin,PRS-44,,2026-06-30,,3d77f63e,1,wiki/traditions/levin/prs_triplets.md
levin,PRS-45,,2026-06-30,2026-05-14,3d77f63e,1,wiki/traditions/levin/prs_triplets.md
levin,PRS-46,,2026-06-30,2026-05-14,3d77f63e,1,wiki/traditions/levin/prs_triplets.md
levin,PRS-47,,2026-07-01,2026-07-01,d5473b59,1,wiki/traditions/levin/prs_triplets.md
levin,PRS-48,,2026-07-21,2026-07-21,791ea3a0,1,wiki/traditions/levin/prs_triplets.md
levin,PRS-49,,2026-07-21,2026-07-21,791ea3a0,1,wiki/traditions/levin/prs_triplets.md
levin,PRS-50,,2026-07-21,2026-07-21,791ea3a0,1,wiki/traditions/levin/prs_triplets.md
levin,PRS-51,,2026-07-21,2026-07-21,791ea3a0,1,wiki/traditions/levin/prs_triplets.md
levin,PRS-52,,2026-07-21,2026-07-21,791ea3a0,1,wiki/traditions/levin/prs_triplets.md
levin,PRS-53,,2026-07-21,2026-07-21,791ea3a0,1,wiki/traditions/levin/prs_triplets.md
levin,PRS-54,,2026-07-21,2026-07-21,791ea3a0,1,wiki/traditions/levin/prs_triplets.md
levin,PRS-55,,2026-07-21,2026-07-21,791ea3a0,1,wiki/traditions/levin/prs_triplets.md
levin,PRS-56,,2026-07-21,2026-07-21,791ea3a0,1,wiki/traditions/levin/prs_triplets.md
levin,PRS-57,,2026-07-21,2026-07-21,791ea3a0,1,wiki/traditions/levin/prs_triplets.md
levin,PRS-58,,2026-07-21,2026-07-21,791ea3a0,1,wiki/traditions/levin/prs_triplets.md
levin,PRS-59,,2026-07-21,2026-07-21,791ea3a0,1,wiki/traditions/levin/prs_triplets.md
levin,PRS-60,,2026-07-21,2026-07-21,791ea3a0,1,wiki/traditions/levin/prs_triplets.md
levin,PRS-61,,2026-07-21,2026-07-21,791ea3a0,1,wiki/traditions/levin/prs_triplets.md
levin,PRS-62,,2026-07-21,2026-07-21,791ea3a0,1,wiki/traditions/levin/prs_triplets.md
levin,PRS-63,,2026-07-21,2026-07-21,791ea3a0,1,wiki/traditions/levin/prs_triplets.md
levin,PRS-64,,2026-07-21,2026-07-21,791ea3a0,1,wiki/traditions/levin/prs_triplets.md
levin,PRS-65,,2026-07-21,2026-07-21,791ea3a0,1,wiki/traditions/levin/prs_triplets.md
levin,PRS-66,,2026-07-21,2026-07-21,791ea3a0,1,wiki/traditions/levin/prs_triplets.md
levin,PRS-67,,2026-07-21,2026-07-21,791ea3a0,1,wiki/traditions/levin/prs_triplets.md
levin,PRS-68,,2026-07-21,2026-07-21,791ea3a0,1,wiki/traditions/levin/prs_triplets.md
levin,PRS-69,,2026-07-21,2026-07-21,791ea3a0,1,wiki/traditions/levin/prs_triplets.md
levin,PRS-70,,2026-07-21,2026-07-21,791ea3a0,1,wiki/traditions/levin/prs_triplets.md
levin,PRS-71,,2026-07-21,2026-07-21,791ea3a0,1,wiki/traditions/levin/prs_triplets.md
loughran,PRS-01,P1 — The silo problem,2026-05-11,2026-04-29,a0f86118,1,wiki/traditions/loughran/prs_triplets.md
loughran,PRS-02,P2 — Scaling intellectual civility,2026-05-11,2026-04-29,a0f86118,1,wiki/traditions/loughran/prs_triplets.md
loughran,PRS-03,P3 — The integration problem,2026-05-11,2026-04-29,a0f86118,1,wiki/traditions/loughran/prs_triplets.md
loughran,PRS-04,P4 — Can AI agents participate in traditions?,2026-05-11,2026-04-29,a0f86118,1,wiki/traditions/loughran/prs_triplets.md
loughran,PRS-05,P5 — Four models of cultural exchange,2026-05-11,2022-07-01,a0f86118,1,wiki/traditions/loughran/prs_triplets.md
loughran,PRS-06,P6 — The CHANGE equation,2026-05-11,2022-07-01,a0f86118,1,wiki/traditions/loughran/prs_triplets.md
loughran,PRS-07,P7 — The 40-step accelerator/detector algorithm,2026-05-11,2022-07-01,a0f86118,1,wiki/traditions/loughran/prs_triplets.md
loughran,PRS-08,"P8 (RC Text, p.141) — Tradition-crossing inquiry",2026-06-16,2026-06-11,a1797d27,1,wiki/traditions/loughran/prs_triplets.md
loughran,PRS-09,"P9 (RC Text, pp.399–401) — Synergistic Coils as meta-tools",2026-06-16,2026-06-11,a1797d27,1,wiki/traditions/loughran/prs_triplets.md
macintyre,PRS-01,P1 — The Enlightenment failure,2026-05-11,2026-04-29,a0f86118,1,wiki/traditions/macintyre/prs_triplets.md
macintyre,PRS-02,P2 — Incommensurability without relativism,2026-05-11,2026-04-29,a0f86118,1,wiki/traditions/macintyre/prs_triplets.md
macintyre,PRS-03,P3 — Practice-virtue-institution,2026-05-11,2026-04-29,a0f86118,1,wiki/traditions/macintyre/prs_triplets.md
macintyre,PRS-04,P4 — Narrative identity,2026-05-11,2026-04-29,a0f86118,1,wiki/traditions/macintyre/prs_triplets.md
macintyre,PRS-05,P5 — Second-first-language acquisition,2026-05-11,2026-04-29,a0f86118,1,wiki/traditions/macintyre/prs_triplets.md
mcgilchrist,PRS-01,"P1 (Text, pp.284–285) — Hemispheric asymmetry and cultural impoverishment",2026-04-07,2026-04-05,134bdc53,1,wiki/traditions/mcgilchrist/prs_triplets.md
mcgilchrist,PRS-02,"P2 (Text, pp.285–286) — Relational ontology lacking neurological grounding",2026-04-07,2026-04-05,134bdc53,1,wiki/traditions/mcgilchrist/prs_triplets.md
mcgilchrist,PRS-03,P3 (Implicit) — Cross-tradition dialogue and hemispheric modes,2026-04-07,2026-04-05,134bdc53,1,wiki/traditions/mcgilchrist/prs_triplets.md
mcgilchrist,PRS-04,P4 (Implicit) — Multi-agent integration and proof of concept,2026-04-07,2026-04-05,134bdc53,1,wiki/traditions/mcgilchrist/prs_triplets.md
mcgilchrist,PRS-05,P5 (Implicit) — Attention as ontological act,2026-04-07,2026-04-05,134bdc53,1,wiki/traditions/mcgilchrist/prs_triplets.md
mcgilchrist,PRS-06,P6 (Implicit) — Embodied tradition formation,2026-04-07,2026-04-05,134bdc53,1,wiki/traditions/mcgilchrist/prs_triplets.md
mcgilchrist,PRS-07,P7 (PROP-2026-04-08-002) — Division and union as creative synthesis,2026-04-16,2026-04-08,446a5672,1,wiki/traditions/mcgilchrist/prs_triplets.md
mcgilchrist,PRS-08,P8 (PROP-2026-04-08-002) — Paradox as ontological signal,2026-04-16,2026-04-08,446a5672,1,wiki/traditions/mcgilchrist/prs_triplets.md
mcgilchrist,PRS-09,P9 (PROP-2026-04-08-005) — Value and the sacred in attention,2026-04-16,2026-04-08,446a5672,1,wiki/traditions/mcgilchrist/prs_triplets.md
mcgilchrist,PRS-10,P10 (PROP-2026-04-08-005) — AI and the simulation-participation divide,2026-04-16,2026-04-08,446a5672,1,wiki/traditions/mcgilchrist/prs_triplets.md
mcgilchrist,PRS-11,P11 (PROP-2026-04-08-006) — Religion and right-hemisphere epistemic access,2026-04-16,2026-04-08,446a5672,1,wiki/traditions/mcgilchrist/prs_triplets.md
mcgilchrist,PRS-12,P12 (PROP-2026-04-08-006) — Embodied tradition transmission,2026-04-16,2026-04-08,446a5672,1,wiki/traditions/mcgilchrist/prs_triplets.md
mcgilchrist,PRS-13,P13 (PROP-2026-04-09-001) — Participatory vs. representational idealism,2026-04-16,2026-04-09,446a5672,1,wiki/traditions/mcgilchrist/prs_triplets.md
mcgilchrist,PRS-14,P14 (PROP-2026-04-09-001) — Time and tradition as real temporal flows,2026-04-16,2026-04-09,446a5672,1,wiki/traditions/mcgilchrist/prs_triplets.md
mcgilchrist,PRS-15,P15 (PROP-2026-04-15-001) — Modernity as active re-wiring,2026-04-16,2026-04-15,446a5672,1,wiki/traditions/mcgilchrist/prs_triplets.md
mcgilchrist,PRS-16,P16 (PROP-2026-04-15-003) — Philosophy anticipating neuroscience,2026-04-16,2026-04-15,446a5672,1,wiki/traditions/mcgilchrist/prs_triplets.md
mcgilchrist,PRS-17,P17 (PROP-2026-04-15-002) — Beauty and worship as epistemology,2026-04-16,2026-04-15,446a5672,1,wiki/traditions/mcgilchrist/prs_triplets.md
mcgilchrist,PRS-18,P18 (PROP-2026-04-15-002) — AI structural limits in engagement,2026-04-16,2026-04-15,446a5672,1,wiki/traditions/mcgilchrist/prs_triplets.md
mcgilchrist,PRS-19,P19 (PROP-2026-04-22-001) — ISSR 2026 Boyle Lecture on Science and Religion — Dr Iain McGilchrist,2026-05-11,2026-04-28,a0f86118,1,wiki/traditions/mcgilchrist/prs_triplets.md
mcgilchrist,PRS-20,P20 (PROP-2026-04-28-002 / src PROP-2026-04-27-012) — Spaciousness as right-hemispheric remediation,2026-05-11,2026-05-08,a0f86118,1,wiki/traditions/mcgilchrist/prs_triplets.md
mcgilchrist,PRS-21,"P21 (PROP-2026-04-28-002, 2nd candidate) — Hemispheric attention as polycrisis cause variable",2026-05-11,2026-05-08,a0f86118,1,wiki/traditions/mcgilchrist/prs_triplets.md
mcgilchrist,PRS-22,P22 (PROP-2026-05-13-001) — AI-consciousness as consequence variable of theory of consciousness,2026-05-22,2026-05-17,fc797397,1,wiki/traditions/mcgilchrist/prs_triplets.md
mcgilchrist,PRS-23,"P23 (PROP-2026-05-13-001, 2nd candidate) — Upgrade of left-hemisphere AI claim from speculative to medium",2026-05-22,2026-05-17,fc797397,1,wiki/traditions/mcgilchrist/prs_triplets.md
mcgilchrist,PRS-24,"P24 (PROP-2026-05-13-001, 3rd candidate) — External philosophical warrant for C2A2 human/AI division of labor",2026-05-22,2026-05-17,fc797397,1,wiki/traditions/mcgilchrist/prs_triplets.md
mcgilchrist,PRS-25,P25 (PROP-2026-05-13-002) — McGilchrist's explicit consciousness-as-fundamental commitment,2026-05-22,2026-05-17,fc797397,1,wiki/traditions/mcgilchrist/prs_triplets.md
mcgilchrist,PRS-26,"P26 (PROP-2026-05-13-002, 2nd candidate) — Six-position taxonomy of consciousness-as-fundamental views",2026-05-22,2026-05-17,fc797397,1,wiki/traditions/mcgilchrist/prs_triplets.md
mcgilchrist,PRS-27,P27 (PROP-2026-05-13-003) — Methodological asymmetry as itself a hemispheric pathology,2026-05-22,2026-05-17,fc797397,1,wiki/traditions/mcgilchrist/prs_triplets.md
mcgilchrist,PRS-28,"P28 (PROP-2026-05-13-003, 2nd candidate) — Native epistemic standards as C2A2 wiki design pattern",2026-05-22,2026-05-17,fc797397,1,wiki/traditions/mcgilchrist/prs_triplets.md
mcgilchrist,PRS-29,,2026-06-07,2026-06-07,49059ee2,1,wiki/traditions/mcgilchrist/prs_triplets.md
mcgilchrist,PRS-30,,2026-06-07,2026-06-07,49059ee2,1,wiki/traditions/mcgilchrist/prs_triplets.md
mcgilchrist,PRS-31,,2026-06-07,2026-06-07,49059ee2,1,wiki/traditions/mcgilchrist/prs_triplets.md
mcgilchrist,PRS-32,,2026-06-07,2026-06-07,49059ee2,1,wiki/traditions/mcgilchrist/prs_triplets.md
mcgilchrist,PRS-33,,2026-06-07,2026-06-07,49059ee2,1,wiki/traditions/mcgilchrist/prs_triplets.md
mcgilchrist,PRS-34,,2026-06-07,2026-06-07,49059ee2,1,wiki/traditions/mcgilchrist/prs_triplets.md
mcgilchrist,PRS-35,,2026-06-07,2026-06-07,49059ee2,1,wiki/traditions/mcgilchrist/prs_triplets.md
mcgilchrist,PRS-36,,2026-06-17,2026-06-17,5b2965b2,1,wiki/traditions/mcgilchrist/prs_triplets.md
mcgilchrist,PRS-37,,2026-06-17,2026-06-17,5b2965b2,1,wiki/traditions/mcgilchrist/prs_triplets.md
mcgilchrist,PRS-38,,2026-06-30,2026-04-12,3d77f63e,1,wiki/traditions/mcgilchrist/prs_triplets.md
mcgilchrist,PRS-39,,2026-06-30,2026-04-12,3d77f63e,1,wiki/traditions/mcgilchrist/prs_triplets.md
mcgilchrist,PRS-40,,2026-06-30,2026-05-03,3d77f63e,1,wiki/traditions/mcgilchrist/prs_triplets.md
mcgilchrist,PRS-41,,2026-06-30,2026-05-03,3d77f63e,1,wiki/traditions/mcgilchrist/prs_triplets.md
mcgilchrist,PRS-42,,2026-06-30,2026-05-03,3d77f63e,1,wiki/traditions/mcgilchrist/prs_triplets.md
mcgilchrist,PRS-43,,2026-06-30,2026-05-03,3d77f63e,1,wiki/traditions/mcgilchrist/prs_triplets.md
mcgilchrist,PRS-44,,2026-06-30,2026-05-05,3d77f63e,1,wiki/traditions/mcgilchrist/prs_triplets.md
mcgilchrist,PRS-45,,2026-06-30,2026-05-05,3d77f63e,1,wiki/traditions/mcgilchrist/prs_triplets.md
mcgilchrist,PRS-46,,2026-07-01,2026-07-01,d5473b59,1,wiki/traditions/mcgilchrist/prs_triplets.md
mcgilchrist,PRS-47,,2026-07-01,2026-07-01,d5473b59,1,wiki/traditions/mcgilchrist/prs_triplets.md
mcgilchrist,PRS-48,,2026-07-21,2026-07-21,791ea3a0,1,wiki/traditions/mcgilchrist/prs_triplets.md
mcgilchrist,PRS-49,,2026-07-21,2026-07-21,791ea3a0,1,wiki/traditions/mcgilchrist/prs_triplets.md
mcgilchrist,PRS-50,,2026-07-21,2026-07-21,791ea3a0,1,wiki/traditions/mcgilchrist/prs_triplets.md
mcgilchrist,PRS-51,,2026-07-21,2026-07-21,791ea3a0,1,wiki/traditions/mcgilchrist/prs_triplets.md
rohr,PRS-01,P1 — Dualistic knowing,2026-05-11,2026-04-29,a0f86118,1,wiki/traditions/rohr/prs_triplets.md
rohr,PRS-02,P2 — The disorder necessary for growth,2026-05-11,2026-04-29,a0f86118,1,wiki/traditions/rohr/prs_triplets.md
rohr,PRS-03,P3 — The Universal Christ,2026-05-11,2026-04-29,a0f86118,1,wiki/traditions/rohr/prs_triplets.md
rohr,PRS-04,P4 — Embodied love as epistemology,2026-05-11,2026-04-29,a0f86118,1,wiki/traditions/rohr/prs_triplets.md
rohr,PRS-05,,2026-06-07,2026-06-07,49059ee2,1,wiki/traditions/rohr/prs_triplets.md
rohr,PRS-06,,2026-06-17,2026-06-17,5b2965b2,1,wiki/traditions/rohr/prs_triplets.md
rohr,PRS-07,,2026-06-17,2026-06-17,5b2965b2,1,wiki/traditions/rohr/prs_triplets.md
rohr,PRS-08,,2026-06-30,2026-01-01,3d77f63e,1,wiki/traditions/rohr/prs_triplets.md
rohr,PRS-09,,2026-06-30,2026-01-01,3d77f63e,1,wiki/traditions/rohr/prs_triplets.md
rohr,PRS-10,,2026-06-30,2026-01-01,3d77f63e,1,wiki/traditions/rohr/prs_triplets.md
rohr,PRS-11,,2026-06-30,2026-02-02,3d77f63e,1,wiki/traditions/rohr/prs_triplets.md
rohr,PRS-12,,2026-06-30,2026-02-02,3d77f63e,1,wiki/traditions/rohr/prs_triplets.md
rohr,PRS-13,,2026-06-30,2026-03-28,3d77f63e,1,wiki/traditions/rohr/prs_triplets.md
rohr,PRS-14,,2026-06-30,2026-03-28,3d77f63e,1,wiki/traditions/rohr/prs_triplets.md
rohr,PRS-15,,2026-06-30,,3d77f63e,1,wiki/traditions/rohr/prs_triplets.md
rohr,PRS-16,,2026-06-30,,3d77f63e,1,wiki/traditions/rohr/prs_triplets.md
rohr,PRS-17,,2026-06-30,,3d77f63e,1,wiki/traditions/rohr/prs_triplets.md
rohr,PRS-18,,2026-06-30,2026-04-12,3d77f63e,1,wiki/traditions/rohr/prs_triplets.md
rohr,PRS-19,,2026-06-30,2026-04-12,3d77f63e,1,wiki/traditions/rohr/prs_triplets.md
rohr,PRS-20,,2026-06-30,2026-04-12,3d77f63e,1,wiki/traditions/rohr/prs_triplets.md
rohr,PRS-21,,2026-06-30,2026-04-25,3d77f63e,1,wiki/traditions/rohr/prs_triplets.md
rohr,PRS-22,,2026-06-30,2026-04-25,3d77f63e,1,wiki/traditions/rohr/prs_triplets.md
rohr,PRS-23,,2026-06-30,2026-05-01,3d77f63e,1,wiki/traditions/rohr/prs_triplets.md
rohr,PRS-24,,2026-06-30,2026-05-01,3d77f63e,1,wiki/traditions/rohr/prs_triplets.md
rohr,PRS-25,,2026-06-30,2026-05-01,3d77f63e,1,wiki/traditions/rohr/prs_triplets.md
rohr,PRS-26,,2026-07-01,2026-07-01,d5473b59,1,wiki/traditions/rohr/prs_triplets.md
rohr,PRS-27,,2026-07-01,2026-07-01,d5473b59,1,wiki/traditions/rohr/prs_triplets.md
rohr,PRS-28,,2026-07-01,2026-07-01,d5473b59,1,wiki/traditions/rohr/prs_triplets.md
rohr,PRS-29,,2026-07-01,2026-07-01,d5473b59,1,wiki/traditions/rohr/prs_triplets.md
rohr,PRS-30,,2026-07-21,2026-07-21,791ea3a0,1,wiki/traditions/rohr/prs_triplets.md
rohr,PRS-31,,2026-07-21,2026-07-21,791ea3a0,1,wiki/traditions/rohr/prs_triplets.md
rohr,PRS-32,,2026-07-21,2026-07-21,791ea3a0,1,wiki/traditions/rohr/prs_triplets.md
rohr,PRS-33,,2026-07-21,2026-07-21,791ea3a0,1,wiki/traditions/rohr/prs_triplets.md
rohr,PRS-34,,2026-08-08,2026-08-08,f2eacfd3,1,wiki/traditions/rohr/prs_triplets.md
rohr,PRS-35,,2026-08-08,2026-08-08,f2eacfd3,1,wiki/traditions/rohr/prs_triplets.md
rohr,PRS-36,,2026-08-08,2026-08-08,f2eacfd3,1,wiki/traditions/rohr/prs_triplets.md
rohr,PRS-37,,2026-08-08,2026-08-08,f2eacfd3,1,wiki/traditions/rohr/prs_triplets.md
stump,PRS-01,"P1 (Text, p.141) — Tradition-crossing inquiry",2026-04-07,,134bdc53,0,wiki/traditions/stump/prs_triplets.md
stump,PRS-02,"P2 (Text, pp.458–463) — Thomism and the cognitive turn",2026-04-07,2026-04-05,134bdc53,1,wiki/traditions/stump/prs_triplets.md
stump,PRS-03,"P3 (Text, pp.399–401) — Synergistic Coils as meta-tools",2026-04-07,,134bdc53,0,wiki/traditions/stump/prs_triplets.md
stump,PRS-04,P4 (Implicit) — Final causality and modern biology,2026-04-07,2026-04-05,134bdc53,1,wiki/traditions/stump/prs_triplets.md
stump,PRS-05,P5 (Implicit) — Suffering and divine permission,2026-04-07,2026-04-05,134bdc53,1,wiki/traditions/stump/prs_triplets.md
stump,PRS-06,P6 (Implicit) — Tradition vitality and the MacIntyre criterion,2026-04-07,2026-04-05,134bdc53,1,wiki/traditions/stump/prs_triplets.md
stump,PRS-07,P7 (PROP-2026-04-08-001) — Narrative cognition and philosophical epistemology,2026-04-16,2026-04-16,446a5672,1,wiki/traditions/stump/prs_triplets.md
stump,PRS-08,P8 (PROP-2026-04-08-002) — Suffering reframed through narrative phenomenology,2026-04-16,2026-04-16,446a5672,1,wiki/traditions/stump/prs_triplets.md
stump,PRS-09,P9 (PROP-2026-04-13-001) — Virtue as cooperative causality,2026-04-16,2026-04-16,446a5672,1,wiki/traditions/stump/prs_triplets.md
stump,PRS-10,P10 (PROP-2026-04-16-003) — Biblical Narratives and Human Flourishing: Knowledge Through Narrative,2026-05-11,2026-04-28,a0f86118,1,wiki/traditions/stump/prs_triplets.md
stump,PRS-11,P11 (PROP-2026-04-16-001) — Grains of Wheat: Suffering and Biblical Narratives,2026-05-11,2026-04-28,a0f86118,1,wiki/traditions/stump/prs_triplets.md
stump,PRS-12,"P12 (PROP-2026-04-16-001, 2nd candidate) — Grains of Wheat: Suffering and Biblical Narratives",2026-05-11,2026-04-28,a0f86118,1,wiki/traditions/stump/prs_triplets.md
stump,PRS-13,"P13 (PROP-2026-04-16-002) — Suffering and Flourishing — Thomistic Institute Podcast with Fr. Gregory Pine, O",2026-05-11,2026-04-28,a0f86118,1,wiki/traditions/stump/prs_triplets.md
stump,PRS-14,P14 (PROP-2026-04-28-003 / src PROP-2026-04-27-001) — Hylomorphic metaphysics of corporate substance,2026-05-11,2026-05-08,a0f86118,1,wiki/traditions/stump/prs_triplets.md
stump,PRS-15,"P15 (PROP-2026-04-28-003, 2nd candidate) — Non-metaphorical body of Christ",2026-05-11,2026-05-08,a0f86118,1,wiki/traditions/stump/prs_triplets.md
stump,PRS-16,"P16 (PROP-2026-04-28-003, 3rd candidate) — Tradition as hylomorphic united-something-or-other",2026-05-11,2026-05-08,a0f86118,1,wiki/traditions/stump/prs_triplets.md
stump,PRS-17,,2026-06-07,2026-06-07,49059ee2,1,wiki/traditions/stump/prs_triplets.md
stump,PRS-18,,2026-06-17,2026-06-17,5b2965b2,1,wiki/traditions/stump/prs_triplets.md
stump,PRS-19,,2026-06-17,2026-06-17,5b2965b2,1,wiki/traditions/stump/prs_triplets.md
stump,PRS-20,,2026-06-30,2024-01-01,3d77f63e,1,wiki/traditions/stump/prs_triplets.md
stump,PRS-21,,2026-06-30,2024-01-01,3d77f63e,1,wiki/traditions/stump/prs_triplets.md
stump,PRS-22,,2026-06-30,2024-04-21,3d77f63e,1,wiki/traditions/stump/prs_triplets.md
stump,PRS-23,,2026-06-30,2025-01-01,3d77f63e,1,wiki/traditions/stump/prs_triplets.md
stump,PRS-24,,2026-06-30,2025-01-01,3d77f63e,1,wiki/traditions/stump/prs_triplets.md
stump,PRS-26,,2026-06-30,2026-01-30,3d77f63e,1,wiki/traditions/stump/prs_triplets.md
stump,PRS-27,,2026-06-30,2026-01-30,3d77f63e,1,wiki/traditions/stump/prs_triplets.md
stump,PRS-28,,2026-06-30,2026-01-30,3d77f63e,1,wiki/traditions/stump/prs_triplets.md
stump,PRS-29,,2026-07-21,2026-07-21,791ea3a0,1,wiki/traditions/stump/prs_triplets.md
stump,PRS-30,,2026-07-31,2026-07-31,3e4d06ab,1,wiki/traditions/stump/prs_triplets.md
stump,PRS-31,,2026-07-31,2026-07-31,3e4d06ab,1,wiki/traditions/stump/prs_triplets.md
wolfram,PRS-01,"P1 (Text, p.452) — Physics incompatibility",2026-04-07,2026-04-03,134bdc53,1,wiki/traditions/wolfram/prs_triplets.md
wolfram,PRS-02,"P2 (Text, pp.52–53) — Computational universe hypothesis",2026-04-07,2026-04-03,134bdc53,1,wiki/traditions/wolfram/prs_triplets.md
wolfram,PRS-03,"P3 (Text, p.97) — Research agenda extensions",2026-04-07,2026-04-03,134bdc53,1,wiki/traditions/wolfram/prs_triplets.md
wolfram,PRS-04,P4 (Implicit) — Computational irreducibility and agency,2026-04-07,2026-04-03,134bdc53,1,wiki/traditions/wolfram/prs_triplets.md
wolfram,PRS-05,P5 (Implicit) — Observer-constituted knowledge communities,2026-04-07,2026-04-03,134bdc53,1,wiki/traditions/wolfram/prs_triplets.md
wolfram,PRS-06,P6 (PROP-2026-04-07-003) — Computational metaphysics: Ruliad as ontological ground,2026-04-07,2026-04-07,134bdc53,1,wiki/traditions/wolfram/prs_triplets.md
wolfram,PRS-07,P7 (PROP-2026-04-07-003) — Emes as ontological primitives,2026-04-07,2026-04-07,134bdc53,1,wiki/traditions/wolfram/prs_triplets.md
wolfram,PRS-08,P8 (PROP-2026-04-08-007) — Ruliology as empirical discipline,2026-04-16,2026-04-16,446a5672,1,wiki/traditions/wolfram/prs_triplets.md
wolfram,PRS-09,P9 (PROP-2026-04-08-006) — Computational irreducibility and P vs. NP,2026-04-16,2026-04-16,446a5672,1,wiki/traditions/wolfram/prs_triplets.md
wolfram,PRS-10,P10 (PROP-2026-04-08-007) — Ruliology as bridge to analytic philosophy,2026-04-16,2026-04-16,446a5672,1,wiki/traditions/wolfram/prs_triplets.md
wolfram,PRS-11,P11 (PROP-2026-04-13-013) — Computation-Augmented Generation for AI systems,2026-04-16,2026-04-16,446a5672,1,wiki/traditions/wolfram/prs_triplets.md
wolfram,PRS-12,P12 (PROP-2026-04-13-014) — Consciousness as computational persistence,2026-04-16,2026-04-16,446a5672,1,wiki/traditions/wolfram/prs_triplets.md
wolfram,PRS-13,"P13 (PROP-2026-04-18-002) — Stephen Wolfram & Matt Mullenweg: AI, and What Frontier Labs Are Getting Wrong (",2026-05-11,2026-04-28,a0f86118,1,wiki/traditions/wolfram/prs_triplets.md
wolfram,PRS-14,P14 (PROP-2026-04-18-001) — Philosophy Discussion with Stephen Wolfram and Luz Christopher Seiberth [Ep. 2],2026-05-11,2026-04-28,a0f86118,1,wiki/traditions/wolfram/prs_triplets.md
wolfram,PRS-15,P15 (PROP-2026-04-28-004 / src PROP-2026-04-27-003) — AI-knowledge as rulial-space-search geometry,2026-05-11,2026-05-08,a0f86118,1,wiki/traditions/wolfram/prs_triplets.md
wolfram,PRS-16,"P16 (PROP-2026-04-28-004, 2nd candidate) — Machine curiosity as non-humanlike rulial-space exploration",2026-05-11,2026-05-08,a0f86118,1,wiki/traditions/wolfram/prs_triplets.md
wolfram,PRS-17,P17 (PROP-2026-04-28-005 / src PROP-2026-04-27-005) — Three-parameter observer-class taxonomy,2026-05-11,2026-05-08,a0f86118,1,wiki/traditions/wolfram/prs_triplets.md
wolfram,PRS-18,"P18 (PROP-2026-04-28-005, 2nd candidate) — Two-level reading of Principle of Computational Equivalence",2026-05-11,2026-05-08,a0f86118,1,wiki/traditions/wolfram/prs_triplets.md
wolfram,PRS-19,P19 (PROP-2026-04-28-006 / src PROP-2026-04-27-004) — Computational metaphysics as method-export to philosophy,2026-05-11,2026-05-08,a0f86118,1,wiki/traditions/wolfram/prs_triplets.md
wolfram,PRS-20,"P20 (PROP-2026-04-28-006, 2nd candidate) — Computational cash-out as criterion for substantive metaphysical disagreement",2026-05-11,2026-05-08,a0f86118,1,wiki/traditions/wolfram/prs_triplets.md
wolfram,PRS-21,,2026-06-07,2026-06-07,49059ee2,1,wiki/traditions/wolfram/prs_triplets.md
wolfram,PRS-22,,2026-06-07,2026-06-07,49059ee2,1,wiki/traditions/wolfram/prs_triplets.md
wolfram,PRS-23,,2026-06-07,2026-06-07,49059ee2,1,wiki/traditions/wolfram/prs_triplets.md
wolfram,PRS-24,,2026-06-30,2025-11-11,3d77f63e,1,wiki/traditions/wolfram/prs_triplets.md
wolfram,PRS-25,,2026-06-30,2025-11-11,3d77f63e,1,wiki/traditions/wolfram/prs_triplets.md
wolfram,PRS-26,,2026-06-30,2026-02-20,3d77f63e,1,wiki/traditions/wolfram/prs_triplets.md
wolfram,PRS-27,,2026-06-30,2026-03-19,3d77f63e,1,wiki/traditions/wolfram/prs_triplets.md
wolfram,PRS-28,,2026-06-30,2026-04-24,3d77f63e,1,wiki/traditions/wolfram/prs_triplets.md
wolfram,PRS-29,,2026-06-30,2026-04-24,3d77f63e,1,wiki/traditions/wolfram/prs_triplets.md
wolfram,PRS-30,,2026-06-30,2026-04-29,3d77f63e,1,wiki/traditions/wolfram/prs_triplets.md
wolfram,PRS-31,,2026-06-30,2026-04-29,3d77f63e,1,wiki/traditions/wolfram/prs_triplets.md
wolfram,PRS-32,,2026-06-30,2026-05-01,3d77f63e,1,wiki/traditions/wolfram/prs_triplets.md
wolfram,PRS-33,,2026-06-30,2026-05-01,3d77f63e,1,wiki/traditions/wolfram/prs_triplets.md
wolfram,PRS-34,,2026-06-30,2026-05-13,3d77f63e,1,wiki/traditions/wolfram/prs_triplets.md
wolfram,PRS-35,,2026-06-30,2026-05-13,3d77f63e,1,wiki/traditions/wolfram/prs_triplets.md
wolfram,PRS-36,,2026-06-30,2026-05-15,3d77f63e,1,wiki/traditions/wolfram/prs_triplets.md
wolfram,PRS-37,,2026-06-30,2026-05-15,3d77f63e,1,wiki/traditions/wolfram/prs_triplets.md
wolfram,PRS-38,,2026-06-30,2026-05-15,3d77f63e,1,wiki/traditions/wolfram/prs_triplets.md
wolfram,PRS-39,,2026-07-01,2026-07-01,d5473b59,1,wiki/traditions/wolfram/prs_triplets.md
wolfram,PRS-40,,2026-07-01,2026-07-01,d5473b59,1,wiki/traditions/wolfram/prs_triplets.md
wolfram,PRS-41,,2026-07-21,2026-07-21,791ea3a0,1,wiki/traditions/wolfram/prs_triplets.md
wolfram,PRS-42,,2026-07-21,2026-07-21,791ea3a0,1,wiki/traditions/wolfram/prs_triplets.md
wolfram,PRS-43,,2026-07-21,2026-07-21,791ea3a0,1,wiki/traditions/wolfram/prs_triplets.md
wolfram,PRS-44,,2026-07-21,2026-07-21,791ea3a0,1,wiki/traditions/wolfram/prs_triplets.md
wolfram,PRS-45,,2026-07-21,2026-07-21,791ea3a0,1,wiki/traditions/wolfram/prs_triplets.md
wolfram,PRS-46,,2026-07-21,2026-07-21,791ea3a0,1,wiki/traditions/wolfram/prs_triplets.md
wolfram,PRS-47,,2026-07-21,2026-07-21,791ea3a0,1,wiki/traditions/wolfram/prs_triplets.md
wright,PRS-01,P1 — The epistemological false dichotomy,2026-05-11,2026-04-29,a0f86118,1,wiki/traditions/wright/prs_triplets.md
wright,PRS-02,P2 — Faithful improvisation,2026-05-11,2026-04-29,a0f86118,1,wiki/traditions/wright/prs_triplets.md
wright,PRS-03,P3 — Inaugurated eschatology,2026-05-11,2026-04-29,a0f86118,1,wiki/traditions/wright/prs_triplets.md
wright,PRS-04,P4 — Resurrection as historical and cosmological,2026-05-11,2026-04-29,a0f86118,1,wiki/traditions/wright/prs_triplets.md
wright,PRS-05,,2026-06-07,2026-06-07,49059ee2,1,wiki/traditions/wright/prs_triplets.md
wright,PRS-06,,2026-06-07,2026-06-07,49059ee2,1,wiki/traditions/wright/prs_triplets.md
wright,PRS-07,,2026-06-17,2026-06-17,5b2965b2,1,wiki/traditions/wright/prs_triplets.md
wright,PRS-08,,2026-06-30,,3d77f63e,1,wiki/traditions/wright/prs_triplets.md
wright,PRS-09,,2026-06-30,,3d77f63e,1,wiki/traditions/wright/prs_triplets.md
wright,PRS-10,,2026-06-30,,3d77f63e,1,wiki/traditions/wright/prs_triplets.md
wright,PRS-11,,2026-06-30,2026-02-17,3d77f63e,1,wiki/traditions/wright/prs_triplets.md
wright,PRS-12,,2026-06-30,2026-02-17,3d77f63e,1,wiki/traditions/wright/prs_triplets.md
wright,PRS-13,,2026-06-30,2026-02-17,3d77f63e,1,wiki/traditions/wright/prs_triplets.md
wright,PRS-14,,2026-06-30,2026-03-04,3d77f63e,1,wiki/traditions/wright/prs_triplets.md
wright,PRS-15,,2026-06-30,2026-03-04,3d77f63e,1,wiki/traditions/wright/prs_triplets.md
wright,PRS-16,,2026-06-30,2026-03-13,3d77f63e,1,wiki/traditions/wright/prs_triplets.md
wright,PRS-17,,2026-06-30,2026-03-13,3d77f63e,1,wiki/traditions/wright/prs_triplets.md
wright,PRS-18,,2026-06-30,2026-03-13,3d77f63e,1,wiki/traditions/wright/prs_triplets.md
wright,PRS-19,,2026-06-30,2026-04-05,3d77f63e,1,wiki/traditions/wright/prs_triplets.md
wright,PRS-20,,2026-06-30,2026-04-05,3d77f63e,1,wiki/traditions/wright/prs_triplets.md
wright,PRS-21,,2026-06-30,2026-04-05,3d77f63e,1,wiki/traditions/wright/prs_triplets.md
wright,PRS-22,,2026-06-30,2026-04-24,3d77f63e,1,wiki/traditions/wright/prs_triplets.md
wright,PRS-23,,2026-06-30,2026-04-24,3d77f63e,1,wiki/traditions/wright/prs_triplets.md
wright,PRS-24,,2026-06-30,2026-05-04,3d77f63e,1,wiki/traditions/wright/prs_triplets.md
wright,PRS-25,,2026-06-30,2026-05-04,3d77f63e,1,wiki/traditions/wright/prs_triplets.md
wright,PRS-26,,2026-06-30,2026-05-08,3d77f63e,1,wiki/traditions/wright/prs_triplets.md
wright,PRS-27,,2026-06-30,2026-05-08,3d77f63e,1,wiki/traditions/wright/prs_triplets.md
wright,PRS-28,,2026-06-30,2026-05-11,3d77f63e,1,wiki/traditions/wright/prs_triplets.md
wright,PRS-29,,2026-06-30,2026-05-11,3d77f63e,1,wiki/traditions/wright/prs_triplets.md
wright,PRS-30,,2026-06-30,2026-05-11,3d77f63e,1,wiki/traditions/wright/prs_triplets.md
wright,PRS-31,,2026-07-01,2026-07-01,d5473b59,1,wiki/traditions/wright/prs_triplets.md
wright,PRS-32,,2026-07-01,2026-07-01,d5473b59,1,wiki/traditions/wright/prs_triplets.md
wright,PRS-33,,2026-07-21,2026-07-21,791ea3a0,1,wiki/traditions/wright/prs_triplets.md
wright,PRS-34,,2026-07-21,2026-07-21,791ea3a0,1,wiki/traditions/wright/prs_triplets.md
wright,PRS-35,,2026-07-21,2026-07-21,791ea3a0,1,wiki/traditions/wright/prs_triplets.md
wright,PRS-36,,2026-07-21,2026-07-21,791ea3a0,1,wiki/traditions/wright/prs_triplets.md
wright,PRS-37,,2026-08-08,2026-08-08,f2eacfd3,1,wiki/traditions/wright/prs_triplets.md
wright,PRS-38,,2026-08-08,2026-08-08,f2eacfd3,1,wiki/traditions/wright/prs_triplets.md
wright,PRS-39,,2026-08-08,2026-08-08,f2eacfd3,1,wiki/traditions/wright/prs_triplets.md
