node_id,parent_id,depth,title,page_start,page_end,note,anchor_unit,headings_inside,anchor_heading,words
P1,,1,Project Launch and Research Foundations,1,40,"authored outline, phase I (p396)",tome:p001h00s01,19,,11497
C1,P1,2,Opening: an AI-ethics mind map,1,3,"Tom: ""Can you draw a mind map for AI ethics""",tome:p001h00s01,0,,214
C2,P1,2,"Bibliographic deep dives, thinker by thinker",3,40,,tome:p003h00s03,19,,11399
S1,C2,3,Michael Levin: comprehensive bibliography and overview,3,16,"existing H1 p4; Tom p16: ""Now, based on these sources, can you provide a 1000 word overview""",tome:p003h00s03,6,,4825
S2,C2,3,"Donald Hoffman: bibliography, biography, podcasts",17,23,"NEW SEAM. No heading. Tom p17: ""Yes, please do, but expect to backfill each section with his more recent work""",tome:p017h00s05,0,,1938
S3,C2,3,"Stephen Wolfram: biography, works, podcasts",24,26,"NEW SEAM. No heading. Model p24: ""Stephen Wolfram is a distinguished computer scientist...""",tome:p024h00s12,0,,819
S4,C2,3,"Jeff Hawkins: books, career, podcasts",27,30,"NEW SEAM. No heading. p27 ""Books: 1. On Intelligence""; Tom p28: ""you left out his podcast appearances""",tome:p027h00s15,0,,1135
S5,C2,3,"Sean Carroll: publications, Mindscape, biography",31,37,"NEW SEAM at p31 (Tom: ""top 100 guests ... Mindscape ... After this fifth research set""); existing H3s p33-37 were filed under Levin",tome:p031h00s19,5,,1941
S6,C2,3,Sabine Hossenfelder: a leading critic,38,40,"Tom p38: ""Let us put a pause ... add another bio, not of a leading contributor but a leading commentator/critic""; existing H3 ""Biography"" p38 was under Levin",tome:p038h00s03,8,p38-biography,741
P2,,1,Framework Integration and Thematic Convergence,41,103,"authored outline, phase II",tome:p041h00s02,79,p41-sean-carroll-s-critique-of-consciousness,15721
C3,P2,2,Sean Carroll's critique of consciousness-centric universe models,41,53,"existing H1 p41 (wrapped heading, reconstituted); includes QHT vs WPP comparison p51-53",tome:p041h00s02,8,p41-sean-carroll-s-critique-of-consciousness,4346
C4,P2,2,"Current and potential research agendas, thinker by thinker",54,100,"Tom p54: ""Now let us look over all these thinkers and their programs, using the lens of current actionable research""",tome:p054h00s02,69,p54-structure-for-each-thinker,10424
S7,C4,3,Structure (for each thinker),54,54,existing H3,tome:p054h00s02,1,p54-structure-for-each-thinker,255
S8,C4,3,Donald Hoffman: research agenda,55,58,"existing H2, was buried under Carroll H1",tome:p055h00s02,4,p55-donald-hoffman-current-and-potential-res,937
S9,C4,3,Michael Levin: research agenda; basins of morphological attraction,59,63,existing H2 + H3s,tome:p059h00s03,7,p59-michael-levin-current-and-potential-rese,1125
S10,C4,3,Karl Friston: biography and scientific contributions,64,67,"existing H2; Tom p64 pivot ""shall we pivot now to...""",tome:p064h01s01,10,p64-karl-friston-biography-and-scientific-co,872
S11,C4,3,Levin x Friston: extensions via free energy and least action,68,70,existing H2 (reconstituted),tome:p068h00s03,7,p68-potential-extensions-of-levin-s-research,608
S12,C4,3,Toward a theory of communal active inference and morphogenesis,71,76,existing H2 (reconstituted),tome:p071h00s02,7,p71-toward-a-theory-of-communal-active-infer,984
S13,C4,3,"Theological reframing: N.T. Wright, Richard Rohr, Christic morphogenesis",77,84,"existing H2 p77; Tom p78: ""Now, let us integrate this with theological language drawn from N.T. Wright and Richard Rohr""",tome:p077h00s03,11,p77-community-morphogenesis-and-the-body-of,1684
S14,C4,3,"Barbara Fredrickson: biography, podcasts, Love 2.0",85,91,"existing H2 ""Step 1: Bio/Bibliography of Barbara Fredrickson""; Tom p85 ""I will peel out...""",tome:p085h00s07,6,p85-step-1-bio-bibliography-of-barbara-fredr,1814
S15,C4,3,Reframing love across scientific and theological registers,92,96,existing H2 p93; Tom p92-93 poses the three questions,tome:p092h00s02,5,,1287
S16,C4,3,Stephen Wolfram: research agenda,97,100,"existing H2; Tom p97: ""Now let us proceed"" to Wolfram",tome:p097h00s02,11,p97-stephen-wolfram-current-and-potential-re,858
C5,P2,2,Reflecting on the turn: from synthesis to truth-seeking,101,103,"existing H2 p101; Tom p101: ""I will want to draw on work by Alasdair MacIntyre and Thomas Aquinas. But first, let us pause to reflect on this change of direction""",tome:p101h00s03,2,p101-reflecting-on-the-turn-from-synthesis-to,951
P3,,1,Methodological Strategy: Synergistic Planks and Traditions-in-Dialogue,104,167,"authored outline, phase III",tome:p104h00s03,90,p104-god-s-knowledge-as-the-cause-of-things-i,16751
C6,P3,2,"Aquinas, De Veritate q.2 a.14: God's knowledge as the cause of things",104,107,existing H1 (reconstituted),tome:p104h00s03,3,p104-god-s-knowledge-as-the-cause-of-things-i,1506
C7,P3,2,"Designated perspective, mind-to-mind correspondence, synergy planks",108,121,"existing H2s I-IV p109-111 (wrapped, reconstituted) + plank template Step 1/Step 2",tome:p108h00s03,18,,3049
C8,P3,2,Summary of progress and strategic positioning,122,124,existing H2 p122,tome:p122h00s03,13,p122-summary-of-progress-and-strategic-positi,653
C9,P3,2,MacIntyre: traditions as social information processors; toward a tradition of inquiry,125,139,"Tom p125: ""Let us proceed to weave in MacIntyre""; existing H2s 1-4, Summary Reflection, CNL summary, Next Steps",tome:p125h00s02,14,p125-1-a-co-constitutional-dialogue,3933
C10,P3,2,Two uploaded papers: Four Models of Cultural Exchange; Computational Natural Law,140,144,existing H2 Document 1 / Document 2; Tom p140 uploads the PDFs,tome:p140h00s02,9,p140-document-1-four-models-of-cultural-excha,1505
C11,P3,2,Reframing the arc: game and team; two amendments; adjusted working framework,145,150,existing H2s p145-149,tome:p145h00s04,8,p145-reflection-and-confirmation-of-your-refr,1440
C12,P3,2,"Authorship, AI collaboration, and the graduate-student analogy",151,163,"Tom p151: ""I had an outline, not yet shared with you, of each of two papers""; existing H2s p151-162",tome:p151h00s03,16,p151-1-affirmation-of-your-strategic-progress,3604
C13,P3,2,The immediate paper project and a working structure,164,167,"existing H2 p164 ""Understanding Your Immediate Paper Project""",tome:p164h00s03,9,p164-understanding-your-immediate-paper-proje,1061
P4,,1,Structural Refinement and Presentation Development,168,371,"authored outline, phase IV",tome:p168h00s03,261,p168-step-1-comparing-your-reformulated-thesi,46291
C14,P4,2,"The reformulated thesis: Being, Life, Intelligence (BLI)",168,172,"existing H1 ""Step 1: Comparing Your Reformulated Thesis""",tome:p168h00s03,8,p168-step-1-comparing-your-reformulated-thesi,1258
C15,P4,2,Digression: podcast appearances by pair; Iain McGilchrist added,173,185,"Tom p173: ""Back from exercise, but I would like to interject a research project""; McGilchrist bio p179 (existing H3s); revised joint table p181",tome:p173h00s03,6,,2716
C16,P4,2,"Mapping an emerging interdisciplinary network, 2014-2024 (deep research)",186,198,existing H1 (reconstituted),tome:p186h03s01,8,p186-mapping-an-emerging-interdisciplinary-ne,4447
C17,P4,2,"Digression: the output-files gap — task fidelity, self-critique, working protocols",199,211,"Tom p199: ""Have I missed links to the two output documents?""; model p203: ""Let me be very direct""; p205-210 protocols",tome:p199h00s03,15,,2673
C18,P4,2,Dataset of documented connections and a first sociogram,212,215,"existing H1 p212; Tom p212: ""aim at the scientific dataset. Remove Rohr and Wright""",tome:p212h00s03,4,p212-intellectual-relationships-among-selecte,854
C19,P4,2,Experiments in co-authorship: the submitted draft (Intro + Sections I-II) and the cold critical review,216,229,"NEW SEAM p216. Tom: ""Let us put a pin in this portion of the research, and move on to the paper. I have thus far written an introduction and section 2""; his draft prose runs p216-220 (""Enter Mike Levin...""), VOICE=TL — confirmed by the model at p221: ""You fulfill the planned content for the Introduction, Section I, and Section II""; existing H1s Task Fidelity Check, Cold Critical Review",tome:p216h00s03,20,,4316
C20,P4,2,Critical action plan; rewritten Introduction and Sections I-II,230,242,"existing H1s p228-238 (Critical Action Plan, Rewritten Introduction/Section I/II)",tome:p230h01s01,28,p230-6-preempt-rival-interpretations-briefly,2194
C21,P4,2,"Plan for the full paper: structure, target, work method",243,254,Tom p243 approves expanding the outline; existing H1s Here is the Plan / Work Method,tome:p243h00s02,18,p243-here-s-the-plan,2237
C22,P4,2,Section 1 draft and the corrected restatement of the model,255,268,"Tom p255: ""Yes, do show me section 1""; existing H1 Section 1; Corrected Restatement / Ultimate Model p264-266",tome:p255h00s01,17,p255-section-1-introduction-and-initial-objec,3182
C23,P4,2,Section 2: thinker profiles,269,298,"Tom-approved profiles: Levin, Hoffman (+NAH revision), Wolfram, Hawkins, Friston, McGilchrist, Fredrickson; assembled Parts 1-2 p290-298",tome:p269h00s02,45,p269-michael-levin,5992
S17,C23,3,Levin and Hoffman profiles,269,273,existing H1s p269-272,tome:p269h00s02,5,p269-michael-levin,1252
S18,C23,3,Wolfram and Hawkins profiles,277,279,existing H1s,tome:p277h00s02,3,p277-stephen-wolfram,710
S19,C23,3,"Friston, McGilchrist, Fredrickson profiles",283,289,existing H1s,tome:p283h00s02,13,p283-karl-friston,1203
S20,C23,3,"Section 2 assembled: Part 1 (Levin, Hoffman, Wolfram, Hawkins), Part 2 (Friston, McGilchrist, Fredrickson)",290,298,existing H1s Section 2 Part 1 / Part 2 (reconstituted),tome:p290h00s02,13,p290-summary,1977
C24,P4,2,Section 1 rewritten; remaining work plan,299,308,"Tom p299: ""Yes, please do that rewriting quickly ... then revisit the brutal reply set""",tome:p299h00s02,13,p299-next-step,2041
C25,P4,2,Brutal replies reframed; revised scope; the 20-minute outline,309,319,"existing H1s Brutal Reply #1/#2, Revised Scope, New Brutally Precise Outline",tome:p309h00s02,19,p309-brutal-reply-1-reframed,2338
C26,P4,2,Wireframe first draft and self-evaluation,320,326,"Tom p320: ""Let us sketch a wireframe first draft""",tome:p320h00s02,14,p320-wireframe-first-draft-conscious-realism,1399
C27,P4,2,"Draft prose: Introduction (two passes), II, III, IV (two versions), V, VI",327,346,existing H1s p327-346,tome:p327h00s02,16,p327-draft-introduction-full-prose-alive-with,5240
C28,P4,2,"ACPQ submission: guidelines, abstract, objections and responses, targeted revisions, footnotes",347,371,existing H1 ACPQ Submission Guidelines p347; footnotes 4-8 p367; Carroll-dominant p369-371,tome:p347h00s02,30,p347-acpq-submission-guidelines-key-requireme,5404
P5,,1,"Section IV Rewrite, Formatting, and Compliance",372,401,authored outline phases IV (Section IV rewrite) and V (formatting),tome:p372h00s06,35,p372-revised-structure-for-section-iv-empiric,7421
C29,P5,2,"Revised Section IV: scholars table, individual summaries, interactions",372,381,"Tom p372: ""brief introduction to each, alone ... then a separate paragraph highlighting interactions""; existing H1 is the 27k-word catch-all",tome:p372h00s06,5,p372-revised-structure-for-section-iv-empiric,2604
C30,P5,2,Section IV replaces IV (not V); Section V restored and revised,382,388,"Tom p382: ""I transformed section iv, not v, and it should replace section iv""",tome:p382h00s12,4,p382-your-objective,2069
C31,P5,2,"Manuscript formatting, footnotes (MacIntyre 3RV, Arkani-Hamed), ACPQ export",389,395,"Tom p389: ""Let us add a couple of footnotes""; p393 Arkani-Hamed footnote",tome:p389h00s05,9,,1374
C32,P5,2,Outline of the conversation's main phases; stages plan for what follows,396,401,"Tom p396: ""reload this entire conversation, and add to it an outline of its main phases""; Tom p401 sets Stages 1-4",tome:p396h00s02,17,p396-outline-of-the-main-phases-of-the-conver,1374
P6,,1,Extending the Cluster and the Second Paper,402,471,beyond the authored outline (which ends at p401),tome:p402h00s02,130,p402-next-steps-after-the-first-4-stages,17025
C33,P6,2,"Bernardo Kastrup: biography, thought, relations to each researcher, integration, conversations",402,415,Stage 1 (a)-(e); existing H2/H3s p402-415,tome:p402h00s02,45,p402-bernardo-kastrup-hyperlinked-biography,2730
C34,P6,2,Alignment test: truth within the CR paradigm versus Kastrup,416,421,Tom p416 asks how truth is understood in the CR paradigm,tome:p416h00s02,10,p416-clarifying-the-alignment-task,1562
C35,P6,2,"Synergistic coils: the PRS table; one coil, multiple rows",422,424,Stage 2; existing H3s,tome:p422h00s03,6,p422-alignment-check-restating-the-synergisti,622
C36,P6,2,"Terrence Deacon: biography, core concepts; brainstorm in brutal mode",425,436,"existing H3 Biography p426; Tom p428: ""I would like to brainstorm a bit here""",tome:p425h00s02,27,,2823
C37,P6,2,Paper 2: Resurrecting Thomism at the dawn of the CR paradigm (DCEC),437,450,Tom p437 sets the goal; abstract p439; Kastrup/Friston/Walker parallels p443-445,tome:p437h00s03,27,p437-project-goal-as-i-understand-it,3472
C38,P6,2,Experiments in co-authorship: the DCEC draft text,451,457,"NEW SEAM. Tom p450: ""Let me re-present here not only the outline, but substantially more content""; VOICE=TL; currently filed under H3 ""Suggested Next Steps""",tome:p451h00s02,0,,2761
C39,P6,2,Response to the draft; status of the two papers; Introduction revised,458,463,existing H3s p458-462,tome:p458h00s09,12,p458-initial-response-and-overview,1514
C40,P6,2,Eleonore Stump's 2025 Maritain Lecture; twenty rich communities,464,471,existing H3s p464-471; Tom p468 upload attempt,tome:p464h00s03,3,,1541
P7,,1,Appendix: Works Consulted,472,472,page marker page-appendix; 128 bibliography units; 22 unclassed h4 headings,tome:pAPPh01s01,11,pappendix-x1,2516
