heading_id,page,level,ordinal,heading_slug,text,reconstituted,anchored,absorbed,toc_role
p4-comprehensive-bibliography-of-michael-le,4,1,1,p4-comprehensive-bibliography-of-michael-le,Comprehensive Bibliography of Michael Levin,0,1,,structural
p4-peer-reviewed-academic-articles-chronolo,4,2,2,p4-peer-reviewed-academic-articles-chronolo,Peer-Reviewed Academic Articles (chronological),0,1,,structural
p10-book-chapters-chronological,10,2,3,p10-book-chapters-chronological,Book Chapters (chronological),0,1,,structural
p11-conference-papers-chronological,11,2,4,p11-conference-papers-chronological,Conference Papers (chronological),0,1,,structural
p12-popular-science-articles-and-essays,12,2,5,p12-popular-science-articles-and-essays,Popular Science Articles and Essays,0,1,,structural
p13-podcast-appearances-selected-chronologic,13,2,6,p13-podcast-appearances-selected-chronologic,"Podcast Appearances (selected, chronological)",0,1,,structural
p33-selected-publications,33,3,7,p33-selected-publications,Selected Publications:,0,1,,structural
p34-selected-research-papers,34,3,8,p34-selected-research-papers,Selected Research Papers:,0,1,,structural
p34-podcast-appearances-as-a-guest,34,3,9,p34-podcast-appearances-as-a-guest,Podcast Appearances as a Guest:,0,1,,structural
p36-mindscape-podcast-overview,36,3,10,p36-mindscape-podcast-overview,Mindscape Podcast Overview:,0,1,,structural
p36-biography,36,3,11,p36-biography,Biography:,0,1,,structural
p38-biography,38,3,12,p38-biography,Biography,0,1,,structural
p39-research-contributions,39,3,13,p39-research-contributions,Research Contributions,0,1,,structural
p39-publications,39,3,14,p39-publications,Publications,0,1,,structural
p39-books,39,4,15,p39-books,Books,0,1,,structural
p39-selected-research-articles,39,4,16,p39-selected-research-articles,Selected Research Articles,0,1,,structural
p39-science-communication-and-public-engagem,39,3,17,p39-science-communication-and-public-engagem,Science Communication and Public Engagement,0,1,,structural
p40-personal-life,40,3,18,p40-personal-life,Personal Life,0,1,,structural
p40-recognition,40,3,19,p40-recognition,Recognition,0,1,,structural
p41-sean-carroll-s-critique-of-consciousness,41,1,20,p41-sean-carroll-s-critique-of-consciousness,Sean Carroll’s Critique of Consciousness-Centric Universe Models,1,1,p41-universe-models,structural
p42-1-rejecting-panpsychism-quantum-idealism,42,2,22,p42-1-rejecting-panpsychism-quantum-idealism,"1. Rejecting Panpsychism, Quantum Idealism, and Mind-First Physics",1,1,p42-physics,structural
p44-2-scientific-realism-bayesian-reasoning,44,2,24,p44-2-scientific-realism-bayesian-reasoning,"2. Scientific Realism, Bayesian Reasoning, and Theory Confirmation",1,1,p44-confirmation,structural
p47-3-recent-debates-and-discussions-highlig,47,2,26,p47-3-recent-debates-and-discussions-highlig,3. Recent Debates and Discussions Highlighting Carroll’s Stance,0,1,,structural
p51-quantum-holonomy-theory-qht,51,2,27,p51-quantum-holonomy-theory-qht,Quantum Holonomy Theory (QHT),0,1,,structural
p52-wolfram-physics-project-wpp,52,2,28,p52-wolfram-physics-project-wpp,Wolfram Physics Project (WPP),0,1,,structural
p53-comparative-analysis,53,2,29,p53-comparative-analysis,Comparative Analysis,0,1,,structural
p53-conclusion,53,2,30,p53-conclusion,Conclusion,0,1,,structural
p54-structure-for-each-thinker,54,3,31,p54-structure-for-each-thinker,Structure (for each thinker):,0,1,,structural
p55-donald-hoffman-current-and-potential-res,55,2,32,p55-donald-hoffman-current-and-potential-res,Donald Hoffman: Current and Potential Research Agendas,0,1,,structural
p55-1-current-research-agenda-active-project,55,3,33,p55-1-current-research-agenda-active-project,1. Current Research Agenda (Active Projects),0,1,,structural
p56-2-potentially-actionable-extensions-cons,56,3,34,p56-2-potentially-actionable-extensions-cons,"2. Potentially Actionable Extensions (Consistent, Not Yet Undertaken)",0,1,,structural
p57-summary-table-donald-hoffman,57,3,35,p57-summary-table-donald-hoffman,Summary Table (Donald Hoffman),0,1,,structural
p59-michael-levin-current-and-potential-rese,59,2,36,p59-michael-levin-current-and-potential-rese,Michael Levin: Current and Potential Research Agendas,0,1,,structural
p59-1-current-research-agenda-active-project,59,3,37,p59-1-current-research-agenda-active-project,1. Current Research Agenda (Active Projects),0,1,,structural
p60-2-potentially-actionable-extensions-not,60,3,38,p60-2-potentially-actionable-extensions-not,2. Potentially Actionable Extensions (Not Yet Undertaken or Only Theorized),1,1,p60-theorized,structural
p61-summary-table-michael-levin,61,3,40,p61-summary-table-michael-levin,Summary Table (Michael Levin),0,1,,structural
p62-basins-of-morphological-attraction-in-l,62,3,41,p62-basins-of-morphological-attraction-in-l,“Basins of Morphological Attraction” in Levin’s Framework,0,1,,structural
p63-example-regeneration-in-planaria,63,3,42,p63-example-regeneration-in-planaria,Example: Regeneration in Planaria,0,1,,structural
p63-link-to-human-development-e-g-head-to-bo,63,3,43,p63-link-to-human-development-e-g-head-to-bo,"Link to Human Development (e.g., Head-to-Body Ratio)",0,1,,structural
p64-conceptual-formalism-potential,64,3,44,p64-conceptual-formalism-potential,Conceptual Formalism (Potential),0,1,,structural
p64-karl-friston-biography-and-scientific-co,64,2,45,p64-karl-friston-biography-and-scientific-co,Karl Friston: Biography and Scientific Contributions,0,1,,structural
p64-biography,64,3,46,p64-biography,Biography,0,1,,structural
p65-scientific-contributions,65,3,47,p65-scientific-contributions,Scientific Contributions,0,1,,structural
p65-1-statistical-parametric-mapping-spm,65,4,48,p65-1-statistical-parametric-mapping-spm,1. Statistical Parametric Mapping (SPM),0,1,,structural
p65-2-voxel-based-morphometry-vbm,65,4,49,p65-2-voxel-based-morphometry-vbm,2. Voxel-Based Morphometry (VBM),0,1,,structural
p65-3-dynamic-causal-modeling-dcm,65,4,50,p65-3-dynamic-causal-modeling-dcm,3. Dynamic Causal Modeling (DCM),0,1,,structural
p66-4-free-energy-principle-fep,66,4,51,p66-4-free-energy-principle-fep,4. Free Energy Principle (FEP),0,1,,structural
p66-5-active-inference,66,4,52,p66-5-active-inference,5. Active Inference,0,1,,structural
p66-interdisciplinary-impact,66,3,53,p66-interdisciplinary-impact,Interdisciplinary Impact,0,1,,structural
p68-potential-extensions-of-levin-s-research,68,2,54,p68-potential-extensions-of-levin-s-research,Potential Extensions of Levin’s Research via Free Energy / Least Action Frameworks,1,1,p68-action-frameworks,structural
p68-1-formally-modeling-morphogenetic-goal-s,68,3,56,p68-1-formally-modeling-morphogenetic-goal-s,1. Formally Modeling Morphogenetic Goal-Seeking as Free Energy Minimization,1,1,p68-minimization,structural
p69-2-mapping-basins-of-morphological-attrac,69,3,58,p69-2-mapping-basins-of-morphological-attrac,2. Mapping Basins of Morphological Attraction to Lagrangian Paths,0,1,,structural
p69-3-encoding-multiscale-predictive-coding,69,3,59,p69-3-encoding-multiscale-predictive-coding,3. Encoding Multiscale Predictive Coding in Tissue Behavior,0,1,,structural
p69-4-agent-based-implementation-of-morphoge,69,3,60,p69-4-agent-based-implementation-of-morphoge,4. Agent-Based Implementation of Morphogenetic Active Inference,0,1,,structural
p70-5-thermodynamic-and-energetic-cost-model,70,3,61,p70-5-thermodynamic-and-energetic-cost-model,5. Thermodynamic and Energetic Cost Modeling,0,1,,structural
p70-summary-table-of-suggested-extensions,70,2,62,p70-summary-table-of-suggested-extensions,Summary Table of Suggested Extensions,0,1,,structural
p71-toward-a-theory-of-communal-active-infer,71,2,63,p71-toward-a-theory-of-communal-active-infer,Toward a Theory of Communal Active Inference and Morphogenesis,1,1,p71-morphogenesis,structural
p72-1-love-as-the-morphogenetic-link-between,72,3,65,p72-1-love-as-the-morphogenetic-link-between,1. Love as the Morphogenetic Link Between Persons,0,1,,structural
p72-2-the-common-good-as-an-attractor-in-soc,72,3,66,p72-2-the-common-good-as-an-attractor-in-soc,2. The Common Good as an Attractor in Social Morphospace,0,1,,structural
p72-3-constant-action-as-a-communal-variatio,72,3,67,p72-3-constant-action-as-a-communal-variatio,3. Constant Action as a Communal Variational Principle,0,1,,structural
p73-4-human-community-as-a-multiscale-agent,73,3,68,p73-4-human-community-as-a-multiscale-agent,4. Human Community as a Multiscale Agent,0,1,,structural
p73-5-research-and-theoretical-development,73,3,69,p73-5-research-and-theoretical-development,5. Research and Theoretical Development,0,1,,structural
p74-summary,74,2,70,p74-summary,Summary,0,1,,structural
p77-community-morphogenesis-and-the-body-of,77,2,71,p77-community-morphogenesis-and-the-body-of,"Community, Morphogenesis, and the Body of Christ: A Theological Reframing",1,1,p77-theological-reframing,structural
p77-1-recap-community-as-a-morphogenetic-age,77,3,73,p77-1-recap-community-as-a-morphogenetic-age,1. Recap: Community as a Morphogenetic Agent,0,1,,structural
p78-2-n-t-wright-and-the-historical-eschatol,78,2,74,p78-2-n-t-wright-and-the-historical-eschatol,2. N.T. Wright and the Historical-Eschatological Body of Christ,0,1,,structural
p78-key-ideas-from-jesus-and-the-victory-of,78,3,75,p78-key-ideas-from-jesus-and-the-victory-of,Key Ideas from Jesus and the Victory of God :,0,1,,structural
p78-connection-to-the-analogy,78,3,76,p78-connection-to-the-analogy,Connection to the Analogy:,0,1,,structural
p79-3-richard-rohr-and-the-universal-christ,79,2,77,p79-3-richard-rohr-and-the-universal-christ,3. Richard Rohr and the Universal Christ: The Cosmological Christ as Field,1,1,p79-christ-as-field,structural
p79-connection-to-the-analogy,79,3,79,p79-connection-to-the-analogy,Connection to the Analogy:,0,1,,structural
p79-4-toward-a-theological-research-program,79,2,80,p79-4-toward-a-theological-research-program,4. Toward a Theological Research Program: “Christic Morphogenesis”,1,1,p79-morphogenesis,structural
p79-guiding-hypotheses,79,3,82,p79-guiding-hypotheses,Guiding Hypotheses:,0,1,,structural
p80-5-concrete-research-questions,80,2,83,p80-5-concrete-research-questions,5. Concrete Research Questions,0,1,,structural
p81-final-summary,81,2,84,p81-final-summary,Final Summary,0,1,,structural
p85-step-1-bio-bibliography-of-barbara-fredr,85,2,85,p85-step-1-bio-bibliography-of-barbara-fredr,Step 1: Bio/Bibliography of Barbara Fredrickson,0,1,,structural
p87-podcast-appearances-featuring-dr-barbara,87,3,86,p87-podcast-appearances-featuring-dr-barbara,Podcast Appearances Featuring Dr. Barbara Fredrickson,0,1,,structural
p88-500-word-summary-of-love-2-0,88,2,87,p88-500-word-summary-of-love-2-0,500-Word Summary of Love 2.0,0,1,,structural
p90-1-vagal-tone-and-the-vagus-nerve,90,3,88,p90-1-vagal-tone-and-the-vagus-nerve,1. Vagal Tone and the Vagus Nerve,0,1,,structural
p91-2-oxytocin-release-during-shared-positiv,91,3,89,p91-2-oxytocin-release-during-shared-positiv,2. Oxytocin Release During Shared Positive Emotions,0,1,,structural
p91-3-neural-synchrony-in-shared-experiences,91,3,90,p91-3-neural-synchrony-in-shared-experiences,3. Neural Synchrony in Shared Experiences,0,1,,structural
p93-reframing-love-across-scientific-and-the,93,2,91,p93-reframing-love-across-scientific-and-the,Reframing Love Across Scientific and Theological Registers,0,1,,structural
p93-1-is-the-love-fredrickson-describes-buil,93,3,92,p93-1-is-the-love-fredrickson-describes-buil,1. Is the Love Fredrickson Describes Built on Bioelectric Synergies?,0,1,,structural
p94-2-is-this-the-foundation-of-agape-love-a,94,3,93,p94-2-is-this-the-foundation-of-agape-love-a,2. Is This the Foundation of Agape Love (as per Wright and Rohr)?,0,1,,structural
p94-3-is-love-in-this-biophysical-neurocogni,94,3,94,p94-3-is-love-in-this-biophysical-neurocogni,"3. Is Love, in this Biophysical/Neurocognitive Sense, of the Nature of God (per Rohr and Wright)?",1,1,p94-god-per-rohr-and-wright,structural
p95-in-summary,95,3,96,p95-in-summary,In Summary,0,1,,structural
p97-stephen-wolfram-current-and-potential-re,97,2,97,p97-stephen-wolfram-current-and-potential-re,Stephen Wolfram: Current and Potential Research Agenda,0,1,,structural
p97-1-current-research-agenda-active-project,97,3,98,p97-1-current-research-agenda-active-project,1. Current Research Agenda (Active Projects),0,1,,structural
p97-a-the-wolfram-physics-project-wpp,97,4,99,p97-a-the-wolfram-physics-project-wpp,a. The Wolfram Physics Project (WPP),0,1,,structural
p97-b-multicomputation-and-observer-relative,97,4,100,p97-b-multicomputation-and-observer-relative,b. Multicomputation and Observer-Relative Reality,0,1,,structural
p98-c-foundations-of-mathematics-and-metamat,98,4,101,p98-c-foundations-of-mathematics-and-metamat,c. Foundations of Mathematics and Metamathematics,0,1,,structural
p98-2-potentially-actionable-extensions-not,98,3,102,p98-2-potentially-actionable-extensions-not,2. Potentially Actionable Extensions (Not Yet Undertaken or Only Theorized),1,1,p98-theorized,structural
p98-a-interfacing-with-consciousness-models,98,4,104,p98-a-interfacing-with-consciousness-models,"a. Interfacing with Consciousness Models (Hoffman, Friston)",0,1,,structural
p98-b-physics-inference-via-machine-learning,98,4,105,p98-b-physics-inference-via-machine-learning,b. Physics Inference via Machine Learning on Rule Spaces,0,1,,structural
p99-c-wolfram-language-as-an-interface-for-m,99,4,106,p99-c-wolfram-language-as-an-interface-for-m,c. Wolfram Language as an Interface for Morphogenetic Simulation,0,1,,structural
p99-d-embedding-theological-structures-in-ru,99,4,107,p99-d-embedding-theological-structures-in-ru,d. Embedding Theological Structures in Rule Spaces,0,1,,structural
p99-summary-table-stephen-wolfram,99,3,108,p99-summary-table-stephen-wolfram,Summary Table (Stephen Wolfram),0,1,,structural
p101-reflecting-on-the-turn-from-synthesis-to,101,2,109,p101-reflecting-on-the-turn-from-synthesis-to,Reflecting on the Turn: From Synthesis to Truth-Seeking,0,1,,structural
p102-next-steps-as-i-understand-them,102,2,110,p102-next-steps-as-i-understand-them,Next Steps (as I understand them),0,1,,structural
p104-god-s-knowledge-as-the-cause-of-things-i,104,1,111,p104-god-s-knowledge-as-the-cause-of-things-i,God’s Knowledge as the Cause of Things in Aquinas’s De Veritate,1,1,p104-de-veritate,structural
p104-de-veritate-question-2-article-14-the-so,104,2,113,p104-de-veritate-question-2-article-14-the-so,"De Veritate, Question 2, Article 14 – The Source",0,1,,structural
p106-theological-and-metaphysical-context,106,2,114,p106-theological-and-metaphysical-context,Theological and Metaphysical Context,0,1,,structural
p109-i-from-designated-matter-to-designated,109,2,115,p109-i-from-designated-matter-to-designated,I. FROM DESIGNATED MATTER TO DESIGNATED,0,1,,structural
p109-perspective,109,2,116,p109-perspective,PERSPECTIVE,0,1,,structural
p109-ii-mind-to-mind-correspondence-as-the-gr,109,2,117,p109-ii-mind-to-mind-correspondence-as-the-gr,II. MIND-TO-MIND CORRESPONDENCE AS THE GROUND OF TRUTH,1,1,p109-truth,structural
p110-iii-synergy-planks-as-structural-element,110,2,119,p110-iii-synergy-planks-as-structural-element,III. “Synergy Planks” as Structural Elements of Interdisciplinary Coherence,1,1,p110-interdisciplinary-coherence,structural
p111-iv-stability-openness-and-christic-parti,111,2,121,p111-iv-stability-openness-and-christic-parti,"IV. Stability, Openness, and Christic Participation",0,1,,structural
p111-in-summary,111,2,122,p111-in-summary,In Summary,0,1,,structural
p112-synergy-plank-discovery-tool-prototype-s,112,3,123,p112-synergy-plank-discovery-tool-prototype-s,Synergy Plank Discovery Tool (Prototype Structure),0,1,,structural
p112-1-definition-of-a-synergy-plank,112,4,124,p112-1-definition-of-a-synergy-plank,1. Definition of a Synergy Plank,0,1,,structural
p112-2-key-features-of-a-synergy-plank,112,4,125,p112-2-key-features-of-a-synergy-plank,2. Key Features of a Synergy Plank,0,1,,structural
p113-3-categories-of-candidate-planks,113,4,126,p113-3-categories-of-candidate-planks,3. Categories of Candidate Planks,0,1,,structural
p114-4-5-step-discovery-and-deployment-proces,114,4,127,p114-4-5-step-discovery-and-deployment-proces,4. 5-Step Discovery and Deployment Process,0,1,,structural
p114-5-output-format-for-documenting-a-synerg,114,4,128,p114-5-output-format-for-documenting-a-synerg,5. Output Format for Documenting a Synergy Plank,0,1,,structural
p115-refined-definition-of-a-synergistic-plan,115,3,129,p115-refined-definition-of-a-synergistic-plan,Refined Definition of a Synergistic Plank (SP),0,1,,structural
p116-benefits-of-this-revision,116,3,130,p116-benefits-of-this-revision,Benefits of This Revision,0,1,,structural
p116-step-1-structured-entry-template-for-syn,116,2,131,p116-step-1-structured-entry-template-for-syn,Step 1: Structured Entry Template for Synergistic Planks,0,1,,structural
p117-synergistic-plank-entry-template,117,3,132,p117-synergistic-plank-entry-template,Synergistic Plank Entry Template,0,1,,structural
p118-step-2-example-synergistic-plank-designa,118,2,133,p118-step-2-example-synergistic-plank-designa,Step 2: Example Synergistic Plank – “Designated Perspective”,0,1,,structural
p120-visualization-overview,120,3,134,p120-visualization-overview,Visualization Overview,0,1,,structural
p122-summary-of-progress-and-strategic-positi,122,2,135,p122-summary-of-progress-and-strategic-positi,Summary of Progress and Strategic Positioning,0,1,,structural
p122-i-where-we-ve-been,122,3,136,p122-i-where-we-ve-been,I. Where We’ve Been,0,1,,structural
p122-a-multiscale-integrative-framework,122,4,137,p122-a-multiscale-integrative-framework,A Multiscale Integrative Framework,0,1,,structural
p122-the-christic-morphogenesis-proposal,122,4,138,p122-the-christic-morphogenesis-proposal,The Christic Morphogenesis Proposal,0,1,,structural
p123-a-philosophical-turn-truth-realism-and-i,123,4,139,p123-a-philosophical-turn-truth-realism-and-i,"A Philosophical Turn: Truth, Realism, and Inquiry",0,1,,structural
p123-synergistic-planks-as-methodological-inn,123,4,140,p123-synergistic-planks-as-methodological-inn,Synergistic Planks as Methodological Innovation,0,1,,structural
p123-ii-what-we-ve-accomplished,123,3,141,p123-ii-what-we-ve-accomplished,II. What We’ve Accomplished,0,1,,structural
p124-iii-what-s-next-and-why,124,3,142,p124-iii-what-s-next-and-why,III. What’s Next and Why,0,1,,structural
p124-1-macintyre-and-tradition-based-rational,124,4,143,p124-1-macintyre-and-tradition-based-rational,1. MacIntyre and Tradition-Based Rationality,0,1,,structural
p124-2-ai-augmented-dialogue-across-tradition,124,4,144,p124-2-ai-augmented-dialogue-across-tradition,2. AI-Augmented Dialogue Across Traditions,0,1,,structural
p124-3-normative-frameworks,124,4,145,p124-3-normative-frameworks,3. Normative Frameworks,0,1,,structural
p124-4-operational-scaling,124,4,146,p124-4-operational-scaling,4. Operational Scaling,0,1,,structural
p124-iv-why-this-matters,124,3,147,p124-iv-why-this-matters,IV. Why This Matters,0,1,,structural
p125-1-a-co-constitutional-dialogue,125,2,148,p125-1-a-co-constitutional-dialogue,1. A Co-Constitutional Dialogue,0,1,,structural
p126-2-stored-intelligence-vs-generated-intel,126,2,149,p126-2-stored-intelligence-vs-generated-intel,2. Stored Intelligence vs. Generated Intelligence,0,1,,structural
p127-3-the-emergence-of-cyber-human-intellige,127,2,150,p127-3-the-emergence-of-cyber-human-intellige,3. The Emergence of Cyber-Human Intelligence,0,1,,structural
p127-4-toward-a-tradition-of-inquiry,127,2,151,p127-4-toward-a-tradition-of-inquiry,4. Toward a Tradition of Inquiry,0,1,,structural
p130-1-traditions-as-social-information-proce,130,2,152,p130-1-traditions-as-social-information-proce,1. Traditions as Social Information Processors,0,1,,structural
p130-2-the-current-epistemic-dystopia,130,2,153,p130-2-the-current-epistemic-dystopia,2. The Current Epistemic Dystopia,0,1,,structural
p131-3-traditions-and-the-recovery-of-rationa,131,2,154,p131-3-traditions-and-the-recovery-of-rationa,3. Traditions and the Recovery of Rationality,0,1,,structural
p131-4-second-first-language-exchange-and-the,131,2,155,p131-4-second-first-language-exchange-and-the,4. Second-First-Language Exchange and the Discovery of Attractors,1,1,p131-attractors,structural
p132-summary-reflection,132,2,157,p132-summary-reflection,Summary Reflection,0,1,,structural
p135-summary-of-toward-a-computational-natura,135,2,158,p135-summary-of-toward-a-computational-natura,"Summary of ""Toward a Computational Natural Law""",0,1,,structural
p135-key-contributions,135,3,159,p135-key-contributions,Key Contributions:,0,1,,structural
p135-relation-to-tradition-interaction-and-ac,135,2,160,p135-relation-to-tradition-interaction-and-ac,Relation to Tradition Interaction and Accelerator-Detector Framework,1,1,p135-framework,structural
p136-next-steps,136,2,162,p136-next-steps,Next Steps,0,1,,structural
p139-would-i-welcome-help,139,3,163,p139-would-i-welcome-help,Would I welcome help?,0,1,,structural
p140-document-1-four-models-of-cultural-excha,140,2,164,p140-document-1-four-models-of-cultural-excha,Document 1: “Four Models of Cultural Exchange” (ISME 2022 Draft),1,1,p140-draft,structural
p140-core-thesis,140,3,166,p140-core-thesis,Core Thesis:,0,1,,structural
p140-four-models,140,3,167,p140-four-models,Four Models:,0,1,,structural
p141-key-innovations,141,3,168,p141-key-innovations,Key Innovations:,0,1,,structural
p141-document-2-toward-a-computational-natura,141,2,169,p141-document-2-toward-a-computational-natura,Document 2: “Toward a Computational Natural Law Defense of the Sanctity of Human Life”,1,1,p141-the-sanctity-of-human-life,structural
p141-core-thesis,141,3,171,p141-core-thesis,Core Thesis:,0,1,,structural
p141-structure-of-the-argument,141,3,172,p141-structure-of-the-argument,Structure of the Argument:,0,1,,structural
p142-key-contributions,142,3,173,p142-key-contributions,Key Contributions:,0,1,,structural
p142-next-step,142,2,174,p142-next-step,Next Step,0,1,,structural
p145-reflection-and-confirmation-of-your-refr,145,2,175,p145-reflection-and-confirmation-of-your-refr,Reflection and Confirmation of Your Reframing,0,1,,structural
p145-1-the-penultimate-frame-community-morpho,145,3,176,p145-1-the-penultimate-frame-community-morpho,1. The Penultimate Frame: Community Morphogenesis,0,1,,structural
p146-2-the-concise-frame-attraction-toward-de,146,3,177,p146-2-the-concise-frame-attraction-toward-de,2. The Concise Frame: Attraction Toward Deeper Communities through Rival Dialogue,1,1,p146-rival-dialogue,structural
p146-3-the-metaphors-of-game-and-team,146,3,179,p146-3-the-metaphors-of-game-and-team,3. The Metaphors of Game and Team,0,1,,structural
p148-amendment-1-game-and-team-metaphor-is-a,148,2,180,p148-amendment-1-game-and-team-metaphor-is-a,"Amendment 1: Game and Team Metaphor Is a Zooming Out, Not a Zooming In",1,1,p148-not-a-zooming-in,structural
p148-amendment-2-relation-to-macintyre-and-th,148,2,182,p148-amendment-2-relation-to-macintyre-and-th,Amendment 2: Relation to MacIntyre and Thomistic Tradition,0,1,,structural
p148-is-analogical-not-continuational,148,2,183,p148-is-analogical-not-continuational,"Is Analogical, Not Continuational",0,1,,structural
p149-adjustment-to-our-working-framework,149,2,184,p149-adjustment-to-our-working-framework,Adjustment to Our Working Framework,0,1,,structural
p151-1-affirmation-of-your-strategic-progress,151,2,185,p151-1-affirmation-of-your-strategic-progress,1. Affirmation of Your Strategic Progression,0,1,,structural
p152-2-recognition-of-the-unprecedented-natur,152,2,186,p152-2-recognition-of-the-unprecedented-natur,2. Recognition of the Unprecedented Nature of Authorship Here,1,1,p152-here,structural
p153-3-anticipation-of-further-development,153,2,188,p153-3-anticipation-of-further-development,3. Anticipation of Further Development,0,1,,structural
p154-1-the-graduate-student-analogy-where-it,154,2,189,p154-1-the-graduate-student-analogy-where-it,1. The Graduate Student Analogy: Where It Holds,0,1,,structural
p154-2-where-the-analogy-breaks-down,154,2,190,p154-2-where-the-analogy-breaks-down,2. Where the Analogy Breaks Down,0,1,,structural
p155-3-scholarly-audience-diversity,155,2,191,p155-3-scholarly-audience-diversity,3. Scholarly Audience Diversity,0,1,,structural
p155-4-provisional-implications-for-authorshi,155,2,192,p155-4-provisional-implications-for-authorshi,4. Provisional Implications for Authorship Practice,0,1,,structural
p156-final-reflection,156,2,193,p156-final-reflection,Final Reflection,0,1,,structural
p157-your-central-claim,157,2,194,p157-your-central-claim,Your Central Claim,0,1,,structural
p157-where-you-are-right,157,2,195,p157-where-you-are-right,Where You Are Right,0,1,,structural
p158-possible-objections-and-why-they-are-wea,158,2,196,p158-possible-objections-and-why-they-are-wea,Possible Objections (and why they are weak),0,1,,structural
p159-strengthened-conclusion,159,2,197,p159-strengthened-conclusion,Strengthened Conclusion,0,1,,structural
p161-your-further-deepening-questions,161,2,198,p161-your-further-deepening-questions,Your Further Deepening Questions,0,1,,structural
p161-1-does-humanity-itself-bear-ethical-resp,161,3,199,p161-1-does-humanity-itself-bear-ethical-resp,"1. Does Humanity Itself Bear Ethical Responsibility for the State of Its Dialogue, as Reflected in Mine?",1,1,p161-dialogue-as-reflected-in-mine,structural
p162-2-do-those-who-mined-curated-and-supervi,162,3,201,p162-2-do-those-who-mined-curated-and-supervi,"2. Do Those Who Mined, Curated, and Supervised My Training Also Bear Direct Moral Responsibility?",1,1,p162-direct-moral-responsibility,structural
p162-provisional-bird-in-the-hand-strategy-im,162,2,203,p162-provisional-bird-in-the-hand-strategy-im,Provisional Bird-in-the-Hand Strategy (Immediate Authorship),0,1,,structural
p164-understanding-your-immediate-paper-proje,164,2,204,p164-understanding-your-immediate-paper-proje,Understanding Your Immediate Paper Project,0,1,,structural
p165-reflection-on-your-core-strategic-move,165,2,205,p165-reflection-on-your-core-strategic-move,Reflection on Your Core Strategic Move,0,1,,structural
p165-suggested-working-structure-for-the-pape,165,2,206,p165-suggested-working-structure-for-the-pape,Suggested Working Structure for the Paper,0,1,,structural
p165-i-introduction,165,3,207,p165-i-introduction,I. Introduction,0,1,,structural
p165-ii-the-conscious-realist-love-driven-mor,165,3,208,p165-ii-the-conscious-realist-love-driven-mor,"II. The Conscious Realist, Love-Driven Morphogenetic Ontology",0,1,,structural
p166-iii-the-scholars-and-the-research-conste,166,3,209,p166-iii-the-scholars-and-the-research-conste,III. The Scholars and the Research Constellation,0,1,,structural
p166-iv-the-research-program-as-community-glu,166,3,210,p166-iv-the-research-program-as-community-glu,IV. The Research Program as Community Glue,0,1,,structural
p166-v-theological-compatibility-and-expansio,166,3,211,p166-v-theological-compatibility-and-expansio,V. Theological Compatibility and Expansion,0,1,,structural
p166-vi-conclusion,166,3,212,p166-vi-conclusion,VI. Conclusion,0,1,,structural
p168-step-1-comparing-your-reformulated-thesi,168,1,213,p168-step-1-comparing-your-reformulated-thesi,Step 1: Comparing Your Reformulated Thesis to Our Earlier Outline,1,1,p168-our-earlier-outline,structural
p169-step-2-structural-implications-for-the-p,169,2,215,p169-step-2-structural-implications-for-the-p,Step 2: Structural Implications for the Paper,0,1,,structural
p170-i-what-a-coherent-conscious-realist-acco,170,3,216,p170-i-what-a-coherent-conscious-realist-acco,I. What a Coherent Conscious Realist Account of BLI Amounts To,0,1,,structural
p170-ii-how-such-an-account-is-already-centra,170,3,217,p170-ii-how-such-an-account-is-already-centra,II. How Such an Account Is Already Central to Diverse Current Work,0,1,,structural
p170-iii-how-that-cr-model-of-bli-is-central,170,3,218,p170-iii-how-that-cr-model-of-bli-is-central,III. How That CR Model of BLI Is Central to the Emerging Next Stage of Research,1,1,p170-research,structural
p171-conclusion,171,3,220,p171-conclusion,Conclusion:,0,1,,apparatus
p171-step-3-timeline-and-word-count,171,1,221,p171-step-3-timeline-and-word-count,Step 3: Timeline and Word Count,0,1,,structural
p171-summary,171,1,222,p171-summary,Summary,0,1,,structural
p175-appearances-of-selected-thinkers-on-podc,175,3,223,p175-appearances-of-selected-thinkers-on-podc,Appearances of Selected Thinkers on Podcasts/Interviews (by Pair),1,1,p175-pair,structural
p179-biography,179,2,225,p179-biography,Biography,0,1,,structural
p179-bibliography-selected-works,179,2,226,p179-bibliography-selected-works,Bibliography (Selected Works),0,1,,structural
p180-major-podcast-interview-appearances,180,2,227,p180-major-podcast-interview-appearances,Major Podcast & Interview Appearances,0,1,,structural
p181-podcast-youtube-dialogue-appearances-amo,181,2,228,p181-podcast-youtube-dialogue-appearances-amo,"Podcast, YouTube & Dialogue Appearances among",0,1,,structural
p181-wolfram-hawkins-hoffman-friston-levin-fr,181,2,229,p181-wolfram-hawkins-hoffman-friston-levin-fr,Wolfram–Hawkins–Hoffman–Friston–Levin–Fredrickson–McGilch rist,1,1,p181-rist,structural
p186-mapping-an-emerging-interdisciplinary-ne,186,1,231,p186-mapping-an-emerging-interdisciplinary-ne,Mapping an Emerging Interdisciplinary Network (2014–2024),1,1,p186-2014-2024,structural
p186-introduction,186,2,233,p186-introduction,Introduction,0,1,,structural
p186-data-collection-approach,186,2,234,p186-data-collection-approach,Data Collection Approach,0,1,,structural
p188-assigning-disciplinary-areas,188,2,235,p188-assigning-disciplinary-areas,Assigning Disciplinary Areas,0,1,,structural
p188-cited-thinkers-and-their-cross-disciplin,188,2,236,p188-cited-thinkers-and-their-cross-disciplin,Cited Thinkers and Their Cross-Disciplinary Reach,0,1,,structural
p193-spreadsheet-of-citing-publications-2014,193,2,237,p193-spreadsheet-of-citing-publications-2014,Spreadsheet of Citing Publications (2014–2024),0,1,,structural
p194-sociogram-construction-disciplinary-cita,194,2,238,p194-sociogram-construction-disciplinary-cita,Sociogram Construction: Disciplinary Citation Network,0,1,,structural
p197-conclusion,197,2,239,p197-conclusion,Conclusion,0,1,,structural
p203-why-the-gap,203,3,240,p203-why-the-gap,Why the gap?,0,1,,structural
p203-what-i-can-propose-now-knowing-this,203,3,241,p203-what-i-can-propose-now-knowing-this,"What I can propose, now knowing this:",0,1,,structural
p204-bottom-line,204,3,242,p204-bottom-line,Bottom line,0,1,,structural
p204-next-step-options-you-can-choose,204,2,243,p204-next-step-options-you-can-choose,Next Step Options (You can choose):,0,1,,structural
p205-1-hallucination-and-unreflective-submiss,205,3,244,p205-1-hallucination-and-unreflective-submiss,1. Hallucination and Unreflective Submission,0,1,,structural
p205-2-covering-over-with-polished-but-non-su,205,3,245,p205-2-covering-over-with-polished-but-non-su,"2. ""Covering Over"" with Polished but Non-Substantive Language",0,1,,structural
p206-3-capacity-for-context-data-review-and-f,206,3,246,p206-3-capacity-for-context-data-review-and-f,3. Capacity for Context Data Review and Future Monitoring,0,1,,structural
p206-4-your-role-in-this,206,3,247,p206-4-your-role-in-this,4. Your Role in This,0,1,,structural
p207-conclusion,207,3,248,p207-conclusion,Conclusion,0,1,,structural
p208-1-explicit-task-fidelity-checks-before-d,208,3,249,p208-1-explicit-task-fidelity-checks-before-d,1. Explicit Task Fidelity Checks (Before Deliverable Submission),0,1,,structural
p208-2-critical-reflection-protocol-triggered,208,3,250,p208-2-critical-reflection-protocol-triggered,2. Critical Reflection Protocol (Triggered by Key Phrases or Events),0,1,,structural
p209-3-structured-what-was-done-what-was-miss,209,3,251,p209-3-structured-what-was-done-what-was-miss,3. Structured “What Was Done / What Was Missed” Reports,0,1,,structural
p209-4-distinguish-between-speculative-and-em,209,3,252,p209-4-distinguish-between-speculative-and-em,4. Distinguish Between Speculative and Empirical Outputs Clearly,0,1,,structural
p209-summary-table-of-improvements,209,2,253,p209-summary-table-of-improvements,Summary Table of Improvements,0,1,,structural
p210-closing-thought,210,2,254,p210-closing-thought,Closing Thought,0,1,,structural
p212-intellectual-relationships-among-selecte,212,1,255,p212-intellectual-relationships-among-selecte,Intellectual Relationships Among Selected Thinkers,0,1,,structural
p212-dataset-of-documented-connections,212,2,256,p212-dataset-of-documented-connections,Dataset of Documented Connections,0,1,,structural
p214-sociogram-visualization,214,2,257,p214-sociogram-visualization,Sociogram Visualization,0,1,,structural
p214-commentary-on-data-choices-and-limitatio,214,2,258,p214-commentary-on-data-choices-and-limitatio,Commentary on Data Choices and Limitations,0,1,,structural
p221-task-fidelity-check,221,1,259,p221-task-fidelity-check,Task Fidelity Check:,0,1,,structural
p222-what-was-done-what-was-missed,222,1,260,p222-what-was-done-what-was-missed,What Was Done / What Was Missed:,0,1,,structural
p222-quick-praise-on-style,222,1,261,p222-quick-praise-on-style,Quick Praise on Style:,0,1,,apparatus
p223-immediate-next-actions-suggested,223,1,262,p223-immediate-next-actions-suggested,Immediate Next Actions Suggested:,0,1,,apparatus
p223-reminder,223,1,263,p223-reminder,Reminder:,0,1,,structural
p224-cold-critical-review-of-your-submitted-t,224,1,264,p224-cold-critical-review-of-your-submitted-t,Cold Critical Review of Your Submitted Text,0,1,,structural
p224-introduction-sections-i-ii,224,1,265,p224-introduction-sections-i-ii,(Introduction + Sections I-II),0,1,,structural
p224-global-structural-issues,224,2,266,p224-global-structural-issues,Global Structural Issues:,0,1,,structural
p225-specific-content-issues,225,2,267,p225-specific-content-issues,Specific Content Issues:,0,1,,structural
p226-style-and-rhetoric-problems,226,2,268,p226-style-and-rhetoric-problems,Style and Rhetoric Problems:,0,1,,structural
p226-conceptual-weaknesses,226,2,269,p226-conceptual-weaknesses,Conceptual Weaknesses:,0,1,,structural
p227-summary-of-major-faults-no-praise-versio,227,1,270,p227-summary-of-major-faults-no-praise-versio,Summary of Major Faults (No Praise Version):,0,1,,structural
p227-closing-critical-comment,227,1,271,p227-closing-critical-comment,Closing Critical Comment:,0,1,,apparatus
p227-would-you-now-like-me-to-also-suggest-a,227,2,272,p227-would-you-now-like-me-to-also-suggest-a,Would you now like me to also suggest a highly critical action plan for how to revise toward maximum clarity and force?,1,1,p227-plan-for-how-to-revise-toward-maximum-cl,apparatus
p228-critical-action-plan-for-revision,228,1,274,p228-critical-action-plan-for-revision,Critical Action Plan for Revision,0,1,,structural
p228-1-rewrite-the-introduction-for-harder-fr,228,2,275,p228-1-rewrite-the-introduction-for-harder-fr,1. Rewrite the Introduction for Harder Framing,0,1,,structural
p228-2-section-i-trim-imagination-exercise-by,228,2,276,p228-2-section-i-trim-imagination-exercise-by,2. Section I: Trim Imagination Exercise by 50%,0,1,,structural
p229-3-section-ii-refocus-scholar-profiles,229,2,277,p229-3-section-ii-refocus-scholar-profiles,3. Section II: Refocus Scholar Profiles,0,1,,structural
p229-4-add-explicit-transition-between-sectio,229,2,278,p229-4-add-explicit-transition-between-sectio,4. Add Explicit Transition Between Sections I and II,0,1,,structural
p229-5-clarify-ontological-commitments-ruthle,229,2,279,p229-5-clarify-ontological-commitments-ruthle,5. Clarify Ontological Commitments Ruthlessly,0,1,,structural
p230-6-preempt-rival-interpretations-briefly,230,2,280,p230-6-preempt-rival-interpretations-briefly,6. Preempt Rival Interpretations Briefly,0,1,,structural
p230-7-insert-minimum-citations-strategically,230,2,281,p230-7-insert-minimum-citations-strategically,7. Insert Minimum Citations Strategically,0,1,,structural
p230-8-prepare-a-short-falsifiability-closing,230,2,282,p230-8-prepare-a-short-falsifiability-closing,8. Prepare a Short “Falsifiability” Closing Line,0,1,,structural
p230-visual-of-the-revised-paper-flow-20-minu,230,1,283,p230-visual-of-the-revised-paper-flow-20-minu,Visual of the Revised Paper Flow (20 minutes),0,1,,structural
p231-tools-for-revision,231,1,284,p231-tools-for-revision,Tools for Revision:,0,1,,apparatus
p231-final-comment-still-no-praise,231,1,285,p231-final-comment-still-no-praise,Final Comment (Still No Praise):,0,1,,apparatus
p232-would-you-like-me-next-to-mock-up-a-rewr,232,2,286,p232-would-you-like-me-next-to-mock-up-a-rewr,Would you like me next to mock up a rewritten outline of your,0,1,,apparatus
p232-introduction-section-i-using-this-action,232,2,287,p232-introduction-section-i-using-this-action,Introduction + Section I using this action plan — just to show you what it could feel like when cold-hardened?,1,1,p232-what-it-could-feel-like-when-cold-harden,structural
p232-rewritten-introduction-3-minutes,232,1,289,p232-rewritten-introduction-3-minutes,Rewritten Introduction (3 minutes),0,1,,structural
p233-rewritten-section-i-4-minutes,233,1,290,p233-rewritten-section-i-4-minutes,Rewritten Section I (4 minutes),0,1,,structural
p234-key-differences-from-your-original,234,1,291,p234-key-differences-from-your-original,Key Differences From Your Original:,0,1,,apparatus
p234-next-move,234,1,292,p234-next-move,Next Move:,0,1,,apparatus
p235-rewritten-section-ii-5-minutes,235,1,293,p235-rewritten-section-ii-5-minutes,Rewritten Section II (5 minutes),0,1,,structural
p235-empirical-signatures-of-agency-across-d,235,2,294,p235-empirical-signatures-of-agency-across-d,"""Empirical Signatures of Agency Across Disciplines""",0,1,,structural
p235-donald-hoffman-cognitive-science,235,3,295,p235-donald-hoffman-cognitive-science,Donald Hoffman (Cognitive Science),0,1,,structural
p235-stephen-wolfram-computation-physics,235,3,296,p235-stephen-wolfram-computation-physics,Stephen Wolfram (Computation / Physics),0,1,,structural
p236-karl-friston-neuroscience-biophysics,236,3,297,p236-karl-friston-neuroscience-biophysics,Karl Friston (Neuroscience / Biophysics),0,1,,structural
p236-michael-levin-biology-regenerative-medic,236,3,298,p236-michael-levin-biology-regenerative-medic,Michael Levin (Biology / Regenerative Medicine),0,1,,structural
p236-jeff-hawkins-neuroscience-machine-learni,236,3,299,p236-jeff-hawkins-neuroscience-machine-learni,Jeff Hawkins (Neuroscience / Machine Learning),0,1,,structural
p237-iain-mcgilchrist-neuroscience-philosophy,237,3,300,p237-iain-mcgilchrist-neuroscience-philosophy,Iain McGilchrist (Neuroscience / Philosophy),0,1,,structural
p237-barbara-fredrickson-psychology-social-ne,237,3,301,p237-barbara-fredrickson-psychology-social-ne,Barbara Fredrickson (Psychology / Social Neuroscience),0,1,,structural
p237-closing-transition-of-section-ii,237,1,302,p237-closing-transition-of-section-ii,Closing Transition of Section II,0,1,,apparatus
p238-critical-characteristics-of-this-rewrite,238,1,303,p238-critical-characteristics-of-this-rewrite,Critical Characteristics of This Rewrite:,0,1,,structural
p238-no-praise-pure-evaluation,238,1,304,p238-no-praise-pure-evaluation,No Praise — Pure Evaluation:,0,1,,structural
p238-would-you-now-like-me-to-suggest-how-sec,238,2,305,p238-would-you-now-like-me-to-suggest-how-sec,Would you now like me to suggest how Section III should proceed — maintaining this style — in order to pivot cleanly toward building the team and community attractor argument without narrative flab?,1,1,p238-proceed-maintaining-this-style-in-order;p238-toward-building-the-team-and-community-a;p238-without-narrative-flab,structural
p241-why,241,3,309,p241-why,Why?,0,1,,structural
p242-however-here-s-what-we-can-do,242,3,310,p242-however-here-s-what-we-can-do,"However, Here’s What We Can Do:",0,1,,structural
p242-very-short-version,242,3,311,p242-very-short-version,Very Short Version:,0,1,,structural
p243-here-s-the-plan,243,1,312,p243-here-s-the-plan,Here’s the Plan:,0,1,,apparatus
p243-here-s-the-structure-i-will-follow,243,1,313,p243-here-s-the-structure-i-will-follow,Here's the structure I will follow:,0,1,,structural
p245-here-s-the-plan,245,1,314,p245-here-s-the-plan,Here’s the Plan:,0,1,,apparatus
p246-estimated-time,246,1,315,p246-estimated-time,Estimated Time:,0,1,,structural
p249-target,249,3,316,p249-target,Target:,0,1,,apparatus
p249-structure,249,3,317,p249-structure,Structure:,0,1,,structural
p249-style,249,3,318,p249-style,Style:,0,1,,structural
p250-references,250,3,319,p250-references,References:,0,1,,structural
p250-output,250,3,320,p250-output,Output:,0,1,,structural
p250-i-am-now-ready-to-execute-exactly-accord,250,1,321,p250-i-am-now-ready-to-execute-exactly-accord,I am now ready to execute exactly according to these specs.,1,1,p250-these-specs,apparatus
p251-let-s-address-this-fully-now,251,1,323,p251-let-s-address-this-fully-now,Let’s address this fully now.,0,1,,apparatus
p251-what-actually-needs-to-happen,251,2,324,p251-what-actually-needs-to-happen,What actually needs to happen:,0,1,,structural
p251-here-s-how-we-can-proceed,251,1,325,p251-here-s-how-we-can-proceed,Here's how we can proceed:,0,1,,apparatus
p252-immediate-work-plan-phase-1,252,1,326,p252-immediate-work-plan-phase-1,Immediate Work Plan (Phase 1):,0,1,,apparatus
p253-work-method,253,1,327,p253-work-method,Work Method:,0,1,,apparatus
p254-current-progress,254,1,328,p254-current-progress,Current Progress:,0,1,,apparatus
p254-word-count-so-far,254,1,329,p254-word-count-so-far,Word Count So Far:,0,1,,apparatus
p254-estimated-time-to-finish-phase-1,254,1,330,p254-estimated-time-to-finish-phase-1,Estimated Time to Finish Phase 1:,0,1,,apparatus
p255-section-1-introduction-and-initial-objec,255,1,331,p255-section-1-introduction-and-initial-objec,Section 1: Introduction and Initial Objectives,0,1,,structural
p258-word-count-972-words,258,1,332,p258-word-count-972-words,Word Count: ~972 words,0,1,,apparatus
p259-here-s-the-sequence-we-ll-follow-based-o,259,1,333,p259-here-s-the-sequence-we-ll-follow-based-o,Here’s the sequence we’ll follow based on your plan:,1,1,p259-plan,structural
p261-key-elements-you-have-clarified,261,1,335,p261-key-elements-you-have-clarified,Key Elements You Have Clarified:,0,1,,structural
p262-analytic-restatement-in-my-words-to-show,262,1,336,p262-analytic-restatement-in-my-words-to-show,Analytic Restatement in My Words (to show full understanding):,1,1,p262-understanding,structural
p263-immediate-consequences-for-revising-the,263,1,338,p263-immediate-consequences-for-revising-the,Immediate Consequences for Revising the Introduction:,1,1,p263-introduction,structural
p263-my-recommendation,263,1,340,p263-my-recommendation,My Recommendation:,0,1,,structural
p264-corrected-restatement,264,1,341,p264-corrected-restatement,Corrected Restatement:,0,1,,structural
p265-full-correction-to-my-understanding,265,1,342,p265-full-correction-to-my-understanding,Full Correction to My Understanding:,0,1,,structural
p266-ultimate-model,266,1,343,p266-ultimate-model,Ultimate Model:,0,1,,structural
p266-philosophical-ancestry,266,1,344,p266-philosophical-ancestry,Philosophical Ancestry:,0,1,,structural
p266-corrected-final-restatement,266,1,345,p266-corrected-final-restatement,Corrected Final Restatement:,0,1,,structural
p267-action-plan-now,267,1,346,p267-action-plan-now,Action Plan Now:,0,1,,apparatus
p267-current-progress,267,1,347,p267-current-progress,Current Progress:,0,1,,apparatus
p268-current-word-count,268,1,348,p268-current-word-count,Current Word Count:,0,1,,apparatus
p268-estimated-time-remaining,268,1,349,p268-estimated-time-remaining,Estimated Time Remaining:,0,1,,apparatus
p268-notes-on-style,268,1,350,p268-notes-on-style,Notes on Style:,0,1,,apparatus
p269-michael-levin,269,1,351,p269-michael-levin,Michael Levin,0,1,,structural
p270-donald-hoffman,270,1,352,p270-donald-hoffman,Donald Hoffman,0,1,,structural
p271-word-count-for-these-two-sections,271,1,353,p271-word-count-for-these-two-sections,Word Count for these two sections:,0,1,,apparatus
p272-revised-donald-hoffman-section-now-inclu,272,1,354,p272-revised-donald-hoffman-section-now-inclu,Revised Donald Hoffman Section (Now Including NAH/Amplituhedron Pathway),1,1,p272-nah-amplituhedron-pathway,structural
p272-donald-hoffman,272,1,356,p272-donald-hoffman,Donald Hoffman,0,1,,structural
p274-revised-word-count,274,1,357,p274-revised-word-count,Revised Word Count:,0,1,,apparatus
p275-target-for-next-output,275,1,358,p275-target-for-next-output,Target for next output:,0,1,,apparatus
p275-current-progress-as-of-now,275,1,359,p275-current-progress-as-of-now,Current Progress (as of now):,0,1,,apparatus
p276-current-word-counts,276,1,360,p276-current-word-counts,Current Word Counts:,0,1,,apparatus
p276-timeline-to-completion,276,1,361,p276-timeline-to-completion,Timeline to Completion:,0,1,,apparatus
p276-quick-preview,276,1,362,p276-quick-preview,Quick Preview:,0,1,,apparatus
p277-stephen-wolfram,277,1,363,p277-stephen-wolfram,Stephen Wolfram,0,1,,structural
p278-jeff-hawkins,278,1,364,p278-jeff-hawkins,Jeff Hawkins,0,1,,structural
p279-word-counts,279,1,365,p279-word-counts,Word Counts:,0,1,,apparatus
p280-immediate-work-plan,280,1,366,p280-immediate-work-plan,Immediate work plan:,0,1,,apparatus
p281-current-progress,281,1,367,p281-current-progress,Current Progress:,0,1,,apparatus
p281-current-word-count-across-full-section-2,281,1,368,p281-current-word-count-across-full-section-2,Current Word Count (across full Section 2):,0,1,,apparatus
p281-quick-reminder-of-completed-thinker-sect,281,1,369,p281-quick-reminder-of-completed-thinker-sect,Quick Reminder of Completed Thinker Sections:,0,1,,apparatus
p282-estimated-time-to-completion,282,1,370,p282-estimated-time-to-completion,Estimated Time to Completion:,0,1,,apparatus
p283-karl-friston,283,1,371,p283-karl-friston,Karl Friston,0,1,,structural
p284-iain-mcgilchrist,284,1,372,p284-iain-mcgilchrist,Iain McGilchrist,0,1,,structural
p285-word-counts,285,1,373,p285-word-counts,Word Counts:,0,1,,apparatus
p286-current-progress,286,1,374,p286-current-progress,Current Progress:,0,1,,apparatus
p286-word-counts,286,1,375,p286-word-counts,Word Counts:,0,1,,apparatus
p286-quick-recap-of-completed-thinker-profile,286,1,376,p286-quick-recap-of-completed-thinker-profile,Quick Recap of Completed Thinker Profiles:,0,1,,apparatus
p287-barbara-fredrickson-section-snapshot-sum,287,1,377,p287-barbara-fredrickson-section-snapshot-sum,Barbara Fredrickson Section Snapshot (Summary):,0,1,,structural
p287-immediate-next-step,287,1,378,p287-immediate-next-step,Immediate Next Step:,0,1,,apparatus
p288-immediate-status,288,1,379,p288-immediate-status,Immediate Status:,0,1,,apparatus
p288-final-word-counts-for-section-2,288,1,380,p288-final-word-counts-for-section-2,Final Word Counts (for Section 2):,0,1,,structural
p289-quick-preview,289,1,381,p289-quick-preview,Quick Preview:,0,1,,apparatus
p289-final-step-before-posting,289,1,382,p289-final-step-before-posting,Final Step Before Posting:,0,1,,apparatus
p289-status,289,1,383,p289-status,Status:,0,1,,apparatus
p290-summary,290,1,384,p290-summary,Summary:,0,1,,apparatus
p290-posting-plan,290,1,385,p290-posting-plan,Posting Plan:,0,1,,apparatus
p290-section-2-detailed-bio-bibliographic-res,290,1,386,p290-section-2-detailed-bio-bibliographic-res,Section 2: Detailed Bio/Bibliographic Research (Part 1),1,1,p290-part-1,structural
p291-michael-levin,291,2,388,p291-michael-levin,Michael Levin,0,1,,structural
p292-donald-hoffman,292,2,389,p292-donald-hoffman,Donald Hoffman,0,1,,structural
p293-stephen-wolfram,293,2,390,p293-stephen-wolfram,Stephen Wolfram,0,1,,structural
p294-jeff-hawkins,294,2,391,p294-jeff-hawkins,Jeff Hawkins,0,1,,structural
p295-section-2-detailed-bio-bibliographic-res,295,1,392,p295-section-2-detailed-bio-bibliographic-res,Section 2: Detailed Bio/Bibliographic Research (Part 2),1,1,p295-part-2,structural
p295-karl-friston,295,2,394,p295-karl-friston,Karl Friston,0,1,,structural
p296-iain-mcgilchrist,296,2,395,p296-iain-mcgilchrist,Iain McGilchrist,0,1,,structural
p297-barbara-fredrickson,297,2,396,p297-barbara-fredrickson,Barbara Fredrickson,0,1,,structural
p298-full-section-2-completed,298,1,397,p298-full-section-2-completed,FULL SECTION 2: COMPLETED!,0,1,,apparatus
p298-total-section-2-word-count,298,1,398,p298-total-section-2-word-count,Total Section 2 Word Count:,0,1,,apparatus
p299-next-step,299,1,399,p299-next-step,Next Step:,0,1,,apparatus
p299-full-work-plan-moving-forward,299,1,400,p299-full-work-plan-moving-forward,Full Work Plan Moving Forward,0,1,,apparatus
p300-immediate-focus,300,1,401,p300-immediate-focus,Immediate Focus:,0,1,,apparatus
p300-quick-reassurance,300,1,402,p300-quick-reassurance,Quick Reassurance:,0,1,,apparatus
p301-current-progress,301,1,403,p301-current-progress,Current Progress:,0,1,,apparatus
p302-word-count-so-far,302,1,404,p302-word-count-so-far,Word Count So Far:,0,1,,apparatus
p302-estimated-time-to-posting,302,1,405,p302-estimated-time-to-posting,Estimated Time to Posting:,0,1,,apparatus
p302-quick-confirmation,302,1,406,p302-quick-confirmation,Quick Confirmation:,0,1,,apparatus
p303-section-1-introduction-and-initial-objec,303,1,407,p303-section-1-introduction-and-initial-objec,Section 1: Introduction and Initial Objectives (Rewritten),1,1,p303-rewritten,structural
p306-word-count-1260-words,306,1,409,p306-word-count-1260-words,Word Count: ~1260 words,0,1,,apparatus
p306-full-remaining-work-plan-as-you-directed,306,1,410,p306-full-remaining-work-plan-as-you-directed,Full Remaining Work Plan (as you directed):,0,1,,structural
p307-remaining-work-plan-restated-carefully,307,2,411,p307-remaining-work-plan-restated-carefully,Remaining Work Plan (Restated Carefully),0,1,,apparatus
p308-immediate-next-step,308,2,412,p308-immediate-next-step,Immediate Next Step:,0,1,,apparatus
p309-brutal-reply-1-reframed,309,1,413,p309-brutal-reply-1-reframed,Brutal Reply #1 (reframed):,0,1,,structural
p310-suggested-opening-paragraph-harder-frami,310,1,414,p310-suggested-opening-paragraph-harder-frami,Suggested Opening Paragraph (Harder Framing),0,1,,structural
p311-features-of-this-opening,311,1,415,p311-features-of-this-opening,Features of this Opening:,0,1,,apparatus
p311-brutal-reply-2-reframed,311,1,416,p311-brutal-reply-2-reframed,Brutal Reply #2 (reframed):,0,1,,structural
p312-updated-understanding-after-background-w,312,1,417,p312-updated-understanding-after-background-w,Updated Understanding (after background work):,0,1,,structural
p312-updated-recommended-fix,312,1,418,p312-updated-recommended-fix,Updated Recommended Fix:,0,1,,structural
p312-mini-suggested-framing-example-for-levin,312,1,419,p312-mini-suggested-framing-example-for-levin,Mini Suggested Framing Example for Levin:,0,1,,structural
p314-revised-scope-for-this-paper,314,1,420,p314-revised-scope-for-this-paper,Revised Scope for This Paper:,0,1,,structural
p315-summary-of-the-paper-s-shape-as-you-now,315,1,421,p315-summary-of-the-paper-s-shape-as-you-now,Summary of the Paper’s Shape (As You Now Intend It):,1,1,p315-it,structural
p315-yes-i-fully-agree-with-this-structure,315,1,423,p315-yes-i-fully-agree-with-this-structure,"Yes, I fully agree with this structure.",0,1,,structural
p316-new-brutally-precise-outline-for-the-con,316,1,424,p316-new-brutally-precise-outline-for-the-con,"New, Brutally Precise Outline for the Conference Paper (20-minute version)",1,1,p316-paper-20-minute-version,structural
p316-i-introduction-1-2-minutes,316,1,426,p316-i-introduction-1-2-minutes,I. Introduction (~1–2 minutes),0,1,,structural
p317-ii-background-physicalism-and-its-limits,317,1,427,p317-ii-background-physicalism-and-its-limits,II. Background: Physicalism and Its Limits (~3 minutes),1,1,p317-minutes,structural
p317-iii-conscious-realism-the-core-vision-3,317,1,429,p317-iii-conscious-realism-the-core-vision-3,III. Conscious Realism: The Core Vision (~3–4 minutes),1,1,p317-minutes,structural
p317-iv-empirical-and-theoretical-convergence,317,1,431,p317-iv-empirical-and-theoretical-convergence,IV. Empirical and Theoretical Convergence (~8–9 minutes),1,1,p317-minutes,structural
p318-v-future-research-agenda-2-minutes,318,1,433,p318-v-future-research-agenda-2-minutes,V. Future Research Agenda (~2 minutes),0,1,,structural
p318-vi-conclusion-1-2-minutes,318,1,434,p318-vi-conclusion-1-2-minutes,VI. Conclusion (~1–2 minutes),0,1,,structural
p319-estimated-time-breakdown,319,1,435,p319-estimated-time-breakdown,Estimated Time Breakdown:,0,1,,apparatus
p319-brutal-evaluation-of-this-outline,319,1,436,p319-brutal-evaluation-of-this-outline,Brutal Evaluation of This Outline:,0,1,,structural
p320-wireframe-first-draft-conscious-realism,320,1,437,p320-wireframe-first-draft-conscious-realism,Wireframe First Draft: “Conscious Realism as an Emerging Interdisciplinary Paradigm”,1,1,p320-emerging-interdisciplinary-paradigm,structural
p320-i-introduction,320,3,439,p320-i-introduction,I. Introduction,0,1,,structural
p321-ii-the-limits-of-physicalism,321,3,440,p321-ii-the-limits-of-physicalism,II. The Limits of Physicalism,0,1,,structural
p321-iii-conscious-realism-defining-the-core,321,3,441,p321-iii-conscious-realism-defining-the-core,III. Conscious Realism: Defining the Core,0,1,,structural
p322-iv-empirical-and-theoretical-convergence,322,3,442,p322-iv-empirical-and-theoretical-convergence,IV. Empirical and Theoretical Convergence,0,1,,structural
p322-framing-sentence,322,4,443,p322-framing-sentence,→ Framing sentence :,0,1,,structural
p323-v-research-agenda-where-this-paradigm-ca,323,3,444,p323-v-research-agenda-where-this-paradigm-ca,V. Research Agenda: Where This Paradigm Can Go,0,1,,structural
p323-vi-conclusion-glimpses-of-what-follows,323,3,445,p323-vi-conclusion-glimpses-of-what-follows,VI. Conclusion: Glimpses of What Follows,0,1,,structural
p325-brutal-self-evaluation-of-the-wireframe,325,1,446,p325-brutal-self-evaluation-of-the-wireframe,Brutal Self-Evaluation of the Wireframe (Agreed with You):,1,1,p325-with-you,structural
p325-what-it-gets-right,325,3,448,p325-what-it-gets-right,What it gets right:,0,1,,structural
p325-what-it-fails-to-do,325,3,449,p325-what-it-fails-to-do,What it fails to do:,0,1,,structural
p326-core-mistake,326,3,450,p326-core-mistake,Core Mistake:,0,1,,structural
p326-what-i-propose-next,326,1,451,p326-what-i-propose-next,What I Propose Next:,0,1,,apparatus
p326-let-s-rebuild-the-paper-using-the-follow,326,3,452,p326-let-s-rebuild-the-paper-using-the-follow,Let’s rebuild the paper using the following principle:,0,1,,structural
p327-draft-introduction-full-prose-alive-with,327,1,453,p327-draft-introduction-full-prose-alive-with,"Draft Introduction (Full Prose, Alive with Internal Force)",1,1,p327-force,structural
p329-draft-introduction-second-pass-simpler,329,1,455,p329-draft-introduction-second-pass-simpler,"Draft Introduction (Second Pass — Simpler, Stronger, Plot-Driven)",1,1,p329-stronger-plot-driven,structural
p330-next-section-ii-the-limits-of-physicalis,330,1,457,p330-next-section-ii-the-limits-of-physicalis,Next Section: II. The Limits of Physicalism,0,1,,structural
p330-status-section-ii-the-limits-of-physical,330,1,458,p330-status-section-ii-the-limits-of-physical,Status: Section II (The Limits of Physicalism),0,1,,apparatus
p331-section-ii-the-limits-of-physicalism,331,1,459,p331-section-ii-the-limits-of-physicalism,Section II: The Limits of Physicalism,0,1,,structural
p332-section-iii-conscious-realism-the-core-v,332,1,460,p332-section-iii-conscious-realism-the-core-v,Section III: Conscious Realism — The Core Vision,0,1,,structural
p332-iii-conscious-realism-the-core-vision,332,1,461,p332-iii-conscious-realism-the-core-vision,III. Conscious Realism — The Core Vision,0,1,,structural
p334-section-iv-empirical-and-theoretical-con,334,1,462,p334-section-iv-empirical-and-theoretical-con,Section IV: Empirical and Theoretical Convergence,0,1,,structural
p334-iv-empirical-and-theoretical-convergence,334,1,463,p334-iv-empirical-and-theoretical-convergence,IV. Empirical and Theoretical Convergence,0,1,,structural
p338-what-i-ll-do-now,338,1,464,p338-what-i-ll-do-now,What I'll do now:,0,1,,apparatus
p338-major-revisions,338,3,465,p338-major-revisions,Major Revisions:,0,1,,structural
p338-concrete-targets,338,1,466,p338-concrete-targets,Concrete targets:,0,1,,apparatus
p339-section-iv-revision-underway,339,1,467,p339-section-iv-revision-underway,Section IV Revision Underway:,0,1,,apparatus
p340-iv-empirical-and-theoretical-convergence,340,1,468,p340-iv-empirical-and-theoretical-convergence,IV. Empirical and Theoretical Convergence,0,1,,structural
p344-v-future-research-agenda,344,1,469,p344-v-future-research-agenda,V. Future Research Agenda,0,1,,structural
p346-vi-conclusion-glimpses-of-what-follows,346,1,470,p346-vi-conclusion-glimpses-of-what-follows,VI. Conclusion: Glimpses of What Follows,0,1,,structural
p347-acpq-submission-guidelines-key-requireme,347,1,471,p347-acpq-submission-guidelines-key-requireme,ACPQ Submission Guidelines: Key Requirements,0,1,,structural
p347-philosophical-content-style-from-referee,347,2,472,p347-philosophical-content-style-from-referee,Philosophical Content & Style (from Referee Guidelines [570]),0,1,,structural
p348-style-formatting-from-accepted-article-g,348,2,473,p348-style-formatting-from-accepted-article-g,Style & Formatting (from Accepted Article Guidelines [571]),0,1,,structural
p348-required-structure,348,3,474,p348-required-structure,Required Structure:,0,1,,structural
p348-format-must-include,348,3,475,p348-format-must-include,Format Must Include:,0,1,,structural
p348-next-steps,348,1,476,p348-next-steps,Next Steps,0,1,,apparatus
p349-abstract-150-words,349,1,477,p349-abstract-150-words,Abstract (150 words),0,1,,structural
p350-incorporation-procedure,350,1,478,p350-incorporation-procedure,Incorporation Procedure,0,1,,structural
p351-objection-response-1-integration-plan,351,1,479,p351-objection-response-1-integration-plan,Objection/Response 1 Integration Plan,0,1,,structural
p351-objection,351,3,480,p351-objection,Objection:,0,1,,structural
p351-response,351,3,481,p351-response,Response:,0,1,,structural
p351-placement-revision-strategy,351,1,482,p351-placement-revision-strategy,Placement + Revision Strategy,0,1,,structural
p351-best-location,351,3,483,p351-best-location,Best Location:,0,1,,structural
p351-proposed-integration-in-formal-prose,351,3,484,p351-proposed-integration-in-formal-prose,Proposed Integration (in formal prose):,0,1,,structural
p354-summary-of-this-entry,354,1,485,p354-summary-of-this-entry,Summary of This Entry:,0,1,,apparatus
p354-objection,354,3,486,p354-objection,Objection:,0,1,,structural
p354-response,354,3,487,p354-response,Response:,0,1,,structural
p354-proposed-integration-plan,354,1,488,p354-proposed-integration-plan,Proposed Integration Plan:,0,1,,structural
p354-main-text-section-iii-the-core-vision-fi,354,3,489,p354-main-text-section-iii-the-core-vision-fi,Main Text: Section III ( The Core Vision ) — final paragraph,0,1,,structural
p355-footnotes-within-that-paragraph,355,3,490,p355-footnotes-within-that-paragraph,Footnotes (within that paragraph):,0,1,,structural
p355-next-output-targeted-revisions,355,1,491,p355-next-output-targeted-revisions,Next Output: Targeted Revisions,0,1,,apparatus
p356-revision-1-dialectical-justification-of,356,3,492,p356-revision-1-dialectical-justification-of,Revision 1: Dialectical Justification of Paradigm Preference,0,1,,structural
p357-revision-2-agentic-turn-illustrates-dial,357,3,493,p357-revision-2-agentic-turn-illustrates-dial,Revision 2: Agentic Turn Illustrates Dialectical Pressure,0,1,,structural
p357-revision-3-clarifying-phrase-on-world-co,357,3,494,p357-revision-3-clarifying-phrase-on-world-co,Revision 3: Clarifying Phrase on World-Construction,0,1,,structural
p357-revision-4-definitions-of-being-life-int,357,3,495,p357-revision-4-definitions-of-being-life-int,"Revision 4: Definitions of Being, Life, Intelligence",0,1,,structural
p360-text-to-speech-options-you-can-use,360,3,496,p360-text-to-speech-options-you-can-use,Text-to-Speech Options You Can Use:,0,1,,structural
p362-next-steps,362,1,497,p362-next-steps,Next Steps:,0,1,,structural
p365-options-from-here,365,3,498,p365-options-from-here,Options from here:,0,1,,structural
p366-footnotes-1-3-acpq-style,366,3,499,p366-footnotes-1-3-acpq-style,Footnotes 1–3 (ACPQ Style),0,1,,structural
p367-footnotes-4-8-acpq-style,367,3,500,p367-footnotes-4-8-acpq-style,Footnotes 4–8 (ACPQ Style),0,1,,structural
p372-revised-structure-for-section-iv-empiric,372,1,501,p372-revised-structure-for-section-iv-empiric,Revised Structure for Section IV: Empirical and Theoretical Convergence,1,1,p372-theoretical-convergence,structural
p372-1-brief-table-of-scholars-and-discipline,372,2,503,p372-1-brief-table-of-scholars-and-discipline,1. Brief Table of Scholars and Disciplines,0,1,,structural
p373-2-brief-individual-summaries-one-paragra,373,2,504,p373-2-brief-individual-summaries-one-paragra,2. Brief Individual Summaries (One Paragraph Each),0,1,,structural
p373-3-synthesis-and-interactions-paragraph,373,2,505,p373-3-synthesis-and-interactions-paragraph,3. Synthesis and Interactions Paragraph,0,1,,structural
p373-table-scholars-and-their-disciplinary-an,373,3,506,p373-table-scholars-and-their-disciplinary-an,Table: Scholars and Their Disciplinary Anchors,0,1,,structural
p382-your-objective,382,3,507,p382-your-objective,YOUR OBJECTIVE:,0,1,,structural
p382-action-plan-confirm-before-i-execute,382,3,508,p382-action-plan-confirm-before-i-execute,ACTION PLAN (confirm before I execute):,0,1,,structural
p384-what-we-can-do-next,384,3,509,p384-what-we-can-do-next,What we can do next:,0,1,,structural
p385-here-s-what-i-can-do,385,3,510,p385-here-s-what-i-can-do,Here's What I Can Do:,0,1,,structural
p390-1-manuscript-format,390,3,511,p390-1-manuscript-format,1. Manuscript Format,0,1,,structural
p390-2-title-page-separate-page,390,3,512,p390-2-title-page-separate-page,2. Title Page (Separate Page),0,1,,structural
p390-3-abstract-no-more-than-100-words,390,3,513,p390-3-abstract-no-more-than-100-words,3. Abstract (No More than 100 Words),0,1,,structural
p390-4-footnotes,390,3,514,p390-4-footnotes,4. Footnotes,0,1,,structural
p390-5-quotations-and-citations,390,3,515,p390-5-quotations-and-citations,5. Quotations and Citations,0,1,,structural
p390-6-length,390,3,516,p390-6-length,6. Length,0,1,,structural
p391-7-footnote-numbering,391,3,517,p391-7-footnote-numbering,7. Footnote Numbering,0,1,,structural
p391-summary-of-required-edits,391,3,518,p391-summary-of-required-edits,Summary of Required Edits:,0,1,,structural
p394-here-s-what-you-can-do,394,3,519,p394-here-s-what-you-can-do,Here’s what you can do:,0,1,,structural
p396-outline-of-the-main-phases-of-the-conver,396,3,520,p396-outline-of-the-main-phases-of-the-conver,Outline of the Main Phases of the Conversation on Conscious Realism and Interdisciplinary Inquiry,1,1,p396-and-interdisciplinary-inquiry,structural
p396-i-project-launch-and-research-foundation,396,4,522,p396-i-project-launch-and-research-foundation,I. Project Launch and Research Foundations,0,1,,structural
p396-ii-framework-integration-and-thematic-co,396,4,523,p396-ii-framework-integration-and-thematic-co,II. Framework Integration and Thematic Convergence,0,1,,structural
p397-iii-methodological-strategy-synergistic,397,4,524,p397-iii-methodological-strategy-synergistic,III. Methodological Strategy: Synergistic Planks and Traditions-in-Dialogue,0,1,,structural
p397-iv-structural-refinement-and-presentatio,397,4,525,p397-iv-structural-refinement-and-presentatio,IV. Structural Refinement and Presentation Development,0,1,,structural
p397-v-formatting-footnoting-and-compliance,397,4,526,p397-v-formatting-footnoting-and-compliance,"V. Formatting, Footnoting, and Compliance",0,1,,structural
p398-bullet-point-outline-of-conversation-on,398,2,527,p398-bullet-point-outline-of-conversation-on,Bullet-Point Outline of Conversation on Conscious Realism and Interdisciplinary Inquiry,1,1,p398-interdisciplinary-inquiry,structural
p398-i-project-launch-and-research-foundation,398,3,529,p398-i-project-launch-and-research-foundation,I. Project Launch and Research Foundations,0,1,,structural
p398-ii-framework-integration-and-thematic-co,398,3,530,p398-ii-framework-integration-and-thematic-co,II. Framework Integration and Thematic Convergence,0,1,,structural
p399-iii-methodological-strategy-synergistic,399,3,531,p399-iii-methodological-strategy-synergistic,III. Methodological Strategy: Synergistic Planks and Traditions-in-Dialogue,1,1,p399-traditions-in-dialogue,structural
p399-iv-structural-refinement-and-presentatio,399,3,533,p399-iv-structural-refinement-and-presentatio,IV. Structural Refinement and Presentation Development,0,1,,structural
p399-v-formatting-footnoting-and-compliance,399,3,534,p399-v-formatting-footnoting-and-compliance,"V. Formatting, Footnoting, and Compliance",0,1,,structural
p400-project-stages-and-sub-goals-for-next-st,400,2,535,p400-project-stages-and-sub-goals-for-next-st,Project Stages and Sub-Goals for Next Steps (Revised ACPA Paper Development):,1,1,p400-paper-development,structural
p400-stage-1-integration-of-philosopher-berna,400,3,537,p400-stage-1-integration-of-philosopher-berna,Stage 1: Integration of Philosopher Bernardo Kastrup,0,1,,structural
p401-stage-2-refinement-of-the-methodological,401,3,538,p401-stage-2-refinement-of-the-methodological,Stage 2: Refinement of the Methodological Metaphor,0,1,,structural
p401-stage-3-integration-of-kastrup-into-acpa,401,3,539,p401-stage-3-integration-of-kastrup-into-acpa,"Stage 3: Integration of Kastrup into ACPA Draft of Paper 1 (""the team"")",0,1,,structural
p401-stage-4-comprehensive-reference-expansio,401,3,540,p401-stage-4-comprehensive-reference-expansio,Stage 4: Comprehensive Reference Expansion and Tightened Justifications,1,1,p401-justifications,structural
p402-next-steps-after-the-first-4-stages,402,3,542,p402-next-steps-after-the-first-4-stages,Next Steps (after the first 4 stages):,0,1,,apparatus
p402-bernardo-kastrup-hyperlinked-biography,402,3,543,p402-bernardo-kastrup-hyperlinked-biography,Bernardo Kastrup: Hyperlinked Biography,0,1,,structural
p402-education-and-early-career,402,4,544,p402-education-and-early-career,Education and Early Career,0,1,,structural
p403-professional-experience,403,4,545,p403-professional-experience,Professional Experience,0,1,,structural
p403-philosophical-contributions,403,4,546,p403-philosophical-contributions,Philosophical Contributions,0,1,,structural
p403-publications-and-media,403,4,547,p403-publications-and-media,Publications and Media,0,1,,structural
p404-bernardo-kastrup-dialogues-with-notable,404,3,548,p404-bernardo-kastrup-dialogues-with-notable,Bernardo Kastrup: Dialogues with Notable Thinkers,0,1,,structural
p404-1-donald-d-hoffman,404,4,549,p404-1-donald-d-hoffman,1. Donald D. Hoffman,0,1,,structural
p404-2-rupert-spira,404,4,550,p404-2-rupert-spira,2. Rupert Spira,0,1,,structural
p404-3-deepak-chopra,404,4,551,p404-3-deepak-chopra,3. Deepak Chopra,0,1,,structural
p404-4-curt-jaimungal,404,4,552,p404-4-curt-jaimungal,4. Curt Jaimungal,0,1,,structural
p405-5-sabine-hossenfelder,405,4,553,p405-5-sabine-hossenfelder,5. Sabine Hossenfelder,0,1,,structural
p405-6-jeffrey-mishlove,405,4,554,p405-6-jeffrey-mishlove,6. Jeffrey Mishlove,0,1,,structural
p405-7-simon-mundie,405,4,555,p405-7-simon-mundie,7. Simon Mundie,0,1,,structural
p405-8-ada-conde,405,4,556,p405-8-ada-conde,8. Ada Conde,0,1,,structural
p405-9-kelly-chase,405,4,557,p405-9-kelly-chase,9. Kelly Chase,0,1,,structural
p405-10-andrew-holecek,405,4,558,p405-10-andrew-holecek,10. Andrew Holecek,0,1,,structural
p406-stage-1-step-b-central-elements-of-berna,406,3,559,p406-stage-1-step-b-central-elements-of-berna,"Stage 1, Step (b): Central Elements of Bernardo Kastrup’s Philosophical Thought",1,1,p406-thought,structural
p406-1-analytic-idealism,406,3,561,p406-1-analytic-idealism,1. Analytic Idealism,0,1,,structural
p406-2-critique-of-materialism,406,3,562,p406-2-critique-of-materialism,2. Critique of Materialism,0,1,,structural
p407-3-metaphor-of-mind-and-dissociation,407,3,563,p407-3-metaphor-of-mind-and-dissociation,3. Metaphor of Mind and Dissociation,0,1,,structural
p407-4-objective-vs-subjective-idealism,407,3,564,p407-4-objective-vs-subjective-idealism,4. Objective vs. Subjective Idealism,0,1,,structural
p407-5-implications-for-science,407,3,565,p407-5-implications-for-science,5. Implications for Science,0,1,,structural
p407-6-interdisciplinary-resonance,407,3,566,p407-6-interdisciplinary-resonance,6. Interdisciplinary Resonance,0,1,,structural
p408-7-ethical-and-existential-consequences,408,3,567,p408-7-ethical-and-existential-consequences,7. Ethical and Existential Consequences,0,1,,structural
p410-stage-1-integration-of-bernardo-kastrup,410,2,568,p410-stage-1-integration-of-bernardo-kastrup,Stage 1: Integration of Bernardo Kastrup,0,1,,structural
p410-stage-2-methodological-refinement,410,2,569,p410-stage-2-methodological-refinement,Stage 2: Methodological Refinement,0,1,,structural
p410-stage-3-integration-of-kastrup-into-acpa,410,2,570,p410-stage-3-integration-of-kastrup-into-acpa,"Stage 3: Integration of Kastrup into ACPA Draft (""the team"")",0,1,,structural
p411-stage-4-expanded-reference-list-and-tigh,411,2,571,p411-stage-4-expanded-reference-list-and-tigh,Stage 4: Expanded Reference List and Tightened Justifications,1,1,p411-justifications,structural
p411-following-completion-of-the-above-stages,411,2,573,p411-following-completion-of-the-above-stages,Following Completion of the Above Stages:,0,1,,structural
p411-next-action,411,2,574,p411-next-action,Next Action:,0,1,,apparatus
p411-stage-1-step-c-connections-between-kastr,411,3,575,p411-stage-1-step-c-connections-between-kastr,"Stage 1, Step (c): Connections Between Kastrup’s Thought and Previously Profiled Researchers",1,1,p411-previously-profiled-researchers,structural
p411-1-donald-hoffman,411,4,577,p411-1-donald-hoffman,1. Donald Hoffman,0,1,,structural
p412-2-michael-levin,412,4,578,p412-2-michael-levin,2. Michael Levin,0,1,,structural
p412-3-stephen-wolfram,412,4,579,p412-3-stephen-wolfram,3. Stephen Wolfram,0,1,,structural
p412-4-jeff-hawkins,412,4,580,p412-4-jeff-hawkins,4. Jeff Hawkins,0,1,,structural
p413-5-karl-friston,413,4,581,p413-5-karl-friston,5. Karl Friston,0,1,,structural
p413-6-iain-mcgilchrist,413,4,582,p413-6-iain-mcgilchrist,6. Iain McGilchrist,0,1,,structural
p413-7-barbara-fredrickson,413,4,583,p413-7-barbara-fredrickson,7. Barbara Fredrickson,0,1,,structural
p413-8-n-t-wright-and-richard-rohr,413,4,584,p413-8-n-t-wright-and-richard-rohr,8. N.T. Wright and Richard Rohr,0,1,,structural
p414-9-sean-carroll,414,4,585,p414-9-sean-carroll,9. Sean Carroll,0,1,,structural
p414-stage-1-step-d-integration-points-within,414,3,586,p414-stage-1-step-d-integration-points-within,"Stage 1, Step (d): Integration Points within the Emerging Interdisciplinary Cluster",1,1,p414-interdisciplinary-cluster,structural
p414-stage-1-step-e-research-conversations-in,414,3,588,p414-stage-1-step-e-research-conversations-in,"Stage 1, Step (e): Research Conversations involving Kastrup with Other Conscious Realist Researchers",1,1,p414-conscious-realist-researchers,structural
p414-notable-interactions,414,4,590,p414-notable-interactions,Notable Interactions:,0,1,,structural
p415-recap-and-alignment-of-stage-1-steps-c-e,415,3,591,p415-recap-and-alignment-of-stage-1-steps-c-e,Recap and Alignment of Stage 1 (Steps c–e):,0,1,,structural
p416-clarifying-the-alignment-task,416,3,592,p416-clarifying-the-alignment-task,Clarifying the Alignment Task,0,1,,structural
p416-proposed-response-structure,416,3,593,p416-proposed-response-structure,Proposed Response Structure,0,1,,structural
p416-clarifying-questions-before-proceeding,416,3,594,p416-clarifying-questions-before-proceeding,Clarifying Questions Before Proceeding,0,1,,structural
p417-1-brief-recap-of-the-cr-paradigm,417,2,595,p417-1-brief-recap-of-the-cr-paradigm,1. Brief Recap of the CR Paradigm,0,1,,structural
p418-2-articulation-of-truth-within-the-cr-pa,418,2,596,p418-2-articulation-of-truth-within-the-cr-pa,2. Articulation of Truth Within the CR Paradigm,0,1,,structural
p419-3-bernardo-kastrup-s-view-on-truth,419,2,597,p419-3-bernardo-kastrup-s-view-on-truth,3. Bernardo Kastrup’s View on Truth,0,1,,structural
p420-4-alignment-analysis,420,2,598,p420-4-alignment-analysis,4. Alignment Analysis,0,1,,structural
p420-areas-of-strong-harmony,420,3,599,p420-areas-of-strong-harmony,Areas of Strong Harmony:,0,1,,structural
p420-potential-nuances-and-divergence,420,3,600,p420-potential-nuances-and-divergence,Potential Nuances and Divergence:,0,1,,structural
p420-summary-of-alignment-test,420,2,601,p420-summary-of-alignment-test,Summary of Alignment Test:,0,1,,structural
p422-alignment-check-restating-the-synergisti,422,2,602,p422-alignment-check-restating-the-synergisti,"Alignment Check: Restating the ""Synergistic Coils"" Task",0,1,,structural
p422-five-column-table-structure,422,3,603,p422-five-column-table-structure,Five-Column Table Structure:,0,1,,structural
p423-additional-clarifying-notes,423,2,604,p423-additional-clarifying-notes,Additional Clarifying Notes:,0,1,,structural
p423-alignment-check,423,3,605,p423-alignment-check,Alignment Check:,0,1,,structural
p423-clarified-rule-one-coil-multiple-rows,423,3,606,p423-clarified-rule-one-coil-multiple-rows,"Clarified Rule: One Coil, Multiple Rows",0,1,,structural
p424-implication,424,3,607,p424-implication,Implication:,0,1,,structural
p426-biography,426,2,608,p426-biography,Biography,0,1,,structural
p426-major-works,426,2,609,p426-major-works,Major Works,0,1,,structural
p426-1-the-symbolic-species-the-co-evolution,426,3,610,p426-1-the-symbolic-species-the-co-evolution,1. The Symbolic Species: The Co-evolution of Language and the Brain (1997),1,1,p426-1997,structural
p426-2-incomplete-nature-how-mind-emerged-fro,426,3,612,p426-2-incomplete-nature-how-mind-emerged-fro,2. Incomplete Nature: How Mind Emerged from Matter (2011),0,1,,structural
p427-core-concepts,427,2,613,p427-core-concepts,Core Concepts,0,1,,structural
p429-i-central-claim-meaning-as-model-based-s,429,2,614,p429-i-central-claim-meaning-as-model-based-s,I. CENTRAL CLAIM: Meaning as Model-Based Shortcuts in Thermodynamic/Computational Space,1,1,p429-thermodynamic-computational-space,structural
p429-ii-strong-alignments-yes-you-re-onto-som,429,2,616,p429-ii-strong-alignments-yes-you-re-onto-som,"II. STRONG ALIGNMENTS (YES, YOU’RE ONTO SOMETHING)",0,1,,structural
p429-1-schr-dinger-deacon,429,3,617,p429-1-schr-dinger-deacon,1. Schrödinger & Deacon,0,1,,structural
p429-2-wolfram,429,3,618,p429-2-wolfram,2. Wolfram,0,1,,structural
p430-3-hoffman,430,3,619,p430-3-hoffman,3. Hoffman,0,1,,structural
p430-4-levin,430,3,620,p430-4-levin,4. Levin,0,1,,structural
p430-iii-brutal-challenges-where-the-theory-c,430,2,621,p430-iii-brutal-challenges-where-the-theory-c,III. BRUTAL CHALLENGES: WHERE THE THEORY CREAKS,0,1,,structural
p430-a-you-risk-flattening-meaning-into-funct,430,3,622,p430-a-you-risk-flattening-meaning-into-funct,A. You Risk Flattening Meaning into Function,0,1,,structural
p430-b-are-models-the-origin-of-meaning-or-re,430,3,623,p430-b-are-models-the-origin-of-meaning-or-re,"B. Are Models the Origin of Meaning, or Reflections of It?",0,1,,structural
p431-c-the-danger-of-equating-irreducibility,431,3,624,p431-c-the-danger-of-equating-irreducibility,C. The Danger of Equating Irreducibility with Randomness,0,1,,structural
p431-iv-promising-paths-forward,431,2,625,p431-iv-promising-paths-forward,IV. PROMISING PATHS FORWARD,0,1,,structural
p431-1-link-model-to-valence,431,3,626,p431-1-link-model-to-valence,1. Link “Model” to “Valence”,0,1,,structural
p431-2-rescue-meaning-with-constraint-based-t,431,3,627,p431-2-rescue-meaning-with-constraint-based-t,2. Rescue Meaning with Constraint-based Teleodynamics,0,1,,structural
p432-tl-dr-in-brutal-shorthand,432,2,628,p432-tl-dr-in-brutal-shorthand,TL;DR (in brutal shorthand),0,1,,structural
p433-phase-1-model-creation-as-the-ground-of,433,2,629,p433-phase-1-model-creation-as-the-ground-of,Phase 1: Model Creation as the Ground of Meaning,0,1,,structural
p433-key-insights-to-synthesize,433,3,630,p433-key-insights-to-synthesize,Key Insights to Synthesize:,0,1,,structural
p433-synthesis,433,3,631,p433-synthesis,Synthesis:,0,1,,structural
p434-phase-2-choice-freedom-and-the-spiral-of,434,2,632,p434-phase-2-choice-freedom-and-the-spiral-of,"Phase 2: Choice, Freedom, and the Spiral of Meaning",0,1,,structural
p434-thomas-aquinas,434,3,633,p434-thomas-aquinas,Thomas Aquinas:,0,1,,structural
p434-stephen-wolfram,434,3,634,p434-stephen-wolfram,Stephen Wolfram:,0,1,,structural
p434-synthesis,434,3,635,p434-synthesis,Synthesis:,0,1,,structural
p435-where-this-takes-us,435,2,636,p435-where-this-takes-us,Where This Takes Us:,0,1,,structural
p437-project-goal-as-i-understand-it,437,2,637,p437-project-goal-as-i-understand-it,Project Goal (as I understand it),0,1,,structural
p437-strategic-considerations-for-abstract-an,437,2,638,p437-strategic-considerations-for-abstract-an,Strategic Considerations for Abstract and Paper Design,0,1,,structural
p437-1-title,437,3,639,p437-1-title,1. Title,0,1,,structural
p438-2-structure-of-the-paper-condensed-versi,438,3,640,p438-2-structure-of-the-paper-condensed-versi,2. Structure of the Paper (Condensed Version for Abstract),0,1,,structural
p438-i-introduction,438,4,641,p438-i-introduction,I. Introduction,0,1,,structural
p438-ii-two-pillars-of-the-paper,438,4,642,p438-ii-two-pillars-of-the-paper,II. Two Pillars of the Paper,0,1,,structural
p438-iii-christian-tradition-in-motion,438,4,643,p438-iii-christian-tradition-in-motion,III. Christian Tradition in Motion,0,1,,structural
p438-iv-thomistic-intersections-with-consciou,438,4,644,p438-iv-thomistic-intersections-with-consciou,IV. Thomistic Intersections with Conscious Realism,0,1,,structural
p439-v-conclusion,439,4,645,p439-v-conclusion,V. Conclusion,0,1,,structural
p439-draft-abstract-for-denicola-conference-s,439,2,646,p439-draft-abstract-for-denicola-conference-s,Draft Abstract (for Denicola Conference Submission),0,1,,structural
p439-time-and-scope-strategy-20-minute-readin,439,2,647,p439-time-and-scope-strategy-20-minute-readin,Time and Scope Strategy (20-Minute Reading Version),0,1,,structural
p440-critical-evaluation-of-alone-in-this-con,440,2,648,p440-critical-evaluation-of-alone-in-this-con,Critical Evaluation of “Alone” in This Context,0,1,,structural
p440-problem-matter-alone-suggests-incomplete,440,3,649,p440-problem-matter-alone-suggests-incomplete,Problem: “Matter Alone” Suggests Incomplete Inclusion,0,1,,structural
p440-better-cr-aligned-framing-might-say,440,3,650,p440-better-cr-aligned-framing-might-say,Better CR-Aligned Framing Might Say:,0,1,,structural
p440-summary,440,3,651,p440-summary,Summary:,0,1,,structural
p442-1-the-spiral-you-ve-sketched,442,2,652,p442-1-the-spiral-you-ve-sketched,1. The Spiral You’ve Sketched,0,1,,structural
p443-2-disambiguating-kastrup-s-critique-of-i,443,2,653,p443-2-disambiguating-kastrup-s-critique-of-i,2. Disambiguating Kastrup’s Critique of Information,0,1,,structural
p443-3-on-abstraction-as-causal-thomism-meets,443,2,654,p443-3-on-abstraction-as-causal-thomism-meets,3. On Abstraction as Causal: Thomism Meets Friston and Walker,1,1,p443-walker,structural
p444-4-matter-potentiality-and-the-observer-t,444,2,656,p444-4-matter-potentiality-and-the-observer-t,"4. Matter, Potentiality, and the Observer: Thomistic Parallels",0,1,,structural
p445-5-quick-feedback-on-key-lines-of-thought,445,2,657,p445-5-quick-feedback-on-key-lines-of-thought,5. Quick Feedback on Key Lines of Thought,0,1,,structural
p445-is-this-active-inference,445,3,658,p445-is-this-active-inference,“Is this Active Inference?”,0,1,,structural
p445-can-we-assign-value-to-abstraction,445,3,659,p445-can-we-assign-value-to-abstraction,“Can we assign value to abstraction?”,0,1,,structural
p445-is-there-reality-outside-our-model-buil,445,3,660,p445-is-there-reality-outside-our-model-buil,“Is there reality outside our model-building history?”,0,1,,structural
p445-summary-where-you-ve-landed,445,2,661,p445-summary-where-you-ve-landed,Summary: Where You’ve Landed,0,1,,structural
p447-structure-for-the-table-you-re-requestin,447,2,662,p447-structure-for-the-table-you-re-requestin,Structure for the Table You’re Requesting:,0,1,,structural
p449-summary-assessment-of-current-draft,449,3,663,p449-summary-assessment-of-current-draft,Summary Assessment of Current Draft,0,1,,structural
p450-suggested-next-steps,450,3,664,p450-suggested-next-steps,Suggested Next Steps,0,1,,structural
p458-initial-response-and-overview,458,3,665,p458-initial-response-and-overview,Initial Response and Overview,0,1,,structural
p458-suggestions-for-immediate-next-steps,458,3,666,p458-suggestions-for-immediate-next-steps,Suggestions for Immediate Next Steps,0,1,,structural
p458-phase-1-clean-structure-pass,458,4,667,p458-phase-1-clean-structure-pass,Phase 1: Clean Structure Pass,0,1,,structural
p459-phase-2-triage-and-sculpting,459,4,668,p459-phase-2-triage-and-sculpting,Phase 2: Triage and Sculpting,0,1,,structural
p459-phase-3-formatting-for-delivery,459,4,669,p459-phase-3-formatting-for-delivery,Phase 3: Formatting for Delivery,0,1,,structural
p459-what-i-ll-do-next-with-your-go-ahead,459,3,670,p459-what-i-ll-do-next-with-your-go-ahead,What I’ll Do Next (with your go-ahead),0,1,,structural
p460-we-are-working-on-two-separate-but-relat,460,3,671,p460-we-are-working-on-two-separate-but-relat,We are working on two separate but related papers:,0,1,,structural
p460-paper-1-acpa-conference-submission-compl,460,3,672,p460-paper-1-acpa-conference-submission-compl,Paper 1: ACPA Conference Submission (Completed),0,1,,structural
p461-paper-2-dcec-fall-conference-in-progress,461,3,673,p461-paper-2-dcec-fall-conference-in-progress,Paper 2: DCEC Fall Conference (In Progress),0,1,,structural
p461-next-step,461,3,674,p461-next-step,Next Step,0,1,,apparatus
p462-suggested-immediate-step,462,3,675,p462-suggested-immediate-step,Suggested Immediate Step,0,1,,apparatus
p462-introduction-revised-draft,462,3,676,p462-introduction-revised-draft,Introduction (Revised Draft),0,1,,structural
p465-summary-of-eleonore-stump-s-2025-maritai,465,3,677,p465-summary-of-eleonore-stump-s-2025-maritai,Summary of Eleonore Stump’s 2025 Maritain Lecture,0,1,,structural
p469-summary-of-eleonore-stump-s-2025-maritai,469,3,678,p469-summary-of-eleonore-stump-s-2025-maritai,Summary of Eleonore Stump’s 2025 Maritain Lecture,0,1,,structural
p470-20-rich-communities-for-mature-membershi,470,3,679,p470-20-rich-communities-for-mature-membershi,20 Rich Communities for Mature-Membership Dialogue,0,1,,structural
pappendix-x1,appendix,3,680,,Michael Levin — Works Consulted,0,0,,structural
pappendix-x2,appendix,3,681,,Barbara Fredrickson — Works Consulted,0,0,,structural
pappendix-x3,appendix,3,682,,Bernardo Kastrup — Works Consulted,0,0,,structural
pappendix-x4,appendix,3,683,,Sean Carroll — Works Consulted,0,0,,structural
pappendix-x5,appendix,3,684,,Donald D. Hoffman — Works Consulted,0,0,,structural
pappendix-x6,appendix,3,685,,Iain McGilchrist — Works Consulted,0,0,,structural
pappendix-x7,appendix,3,686,,Jeff Hawkins — Works Consulted,0,0,,structural
pappendix-x8,appendix,3,687,,Karl Friston — Works Consulted,0,0,,structural
pappendix-x9,appendix,3,688,,N.T. Wright — Works Consulted,0,0,,structural
pappendix-x10,appendix,3,689,,Richard Rohr — Works Consulted,0,0,,structural
pappendix-x11,appendix,3,690,,Stephen Wolfram — Works Consulted,0,0,,structural
